chunk_id,parent_document_id,file_name,doc_type,page_number,source_path
doc_00000_chunk_000,doc_00000,audit.txt,txt,,d:\Abhishek\Project\LangChain\cybersecurity-multi-doc-rag\data\raw\audit.txt
doc_00000_chunk_001,doc_00000,audit.txt,txt,,d:\Abhishek\Project\LangChain\cybersecurity-multi-doc-rag\data\raw\audit.txt
doc_00000_chunk_002,doc_00000,audit.txt,txt,,d:\Abhishek\Project\LangChain\cybersecurity-multi-doc-rag\data\raw\audit.txt
doc_00000_chunk_003,doc_00000,audit.txt,txt,,d:\Abhishek\Project\LangChain\cybersecurity-multi-doc-rag\data\raw\audit.txt
doc_00000_chunk_004,doc_00000,audit.txt,txt,,d:\Abhishek\Project\LangChain\cybersecurity-multi-doc-rag\data\raw\audit.txt
doc_00000_chunk_005,doc_00000,audit.txt,txt,,d:\Abhishek\Project\LangChain\cybersecurity-multi-doc-rag\data\raw\audit.txt
doc_00000_chunk_006,doc_00000,audit.txt,txt,,d:\Abhishek\Project\LangChain\cybersecurity-multi-doc-rag\data\raw\audit.txt
doc_00000_chunk_007,doc_00000,audit.txt,txt,,d:\Abhishek\Project\LangChain\cybersecurity-multi-doc-rag\data\raw\audit.txt
doc_00000_chunk_008,doc_00000,audit.txt,txt,,d:\Abhishek\Project\LangChain\cybersecurity-multi-doc-rag\data\raw\audit.txt
doc_00000_chunk_009,doc_00000,audit.txt,txt,,d:\Abhishek\Project\LangChain\cybersecurity-multi-doc-rag\data\raw\audit.txt
doc_00000_chunk_010,doc_00000,audit.txt,txt,,d:\Abhishek\Project\LangChain\cybersecurity-multi-doc-rag\data\raw\audit.txt
doc_00000_chunk_011,doc_00000,audit.txt,txt,,d:\Abhishek\Project\LangChain\cybersecurity-multi-doc-rag\data\raw\audit.txt
doc_00000_chunk_012,doc_00000,audit.txt,txt,,d:\Abhishek\Project\LangChain\cybersecurity-multi-doc-rag\data\raw\audit.txt
doc_00000_chunk_013,doc_00000,audit.txt,txt,,d:\Abhishek\Project\LangChain\cybersecurity-multi-doc-rag\data\raw\audit.txt
doc_00000_chunk_014,doc_00000,audit.txt,txt,,d:\Abhishek\Project\LangChain\cybersecurity-multi-doc-rag\data\raw\audit.txt
doc_00000_chunk_015,doc_00000,audit.txt,txt,,d:\Abhishek\Project\LangChain\cybersecurity-multi-doc-rag\data\raw\audit.txt
doc_00000_chunk_016,doc_00000,audit.txt,txt,,d:\Abhishek\Project\LangChain\cybersecurity-multi-doc-rag\data\raw\audit.txt
doc_00000_chunk_017,doc_00000,audit.txt,txt,,d:\Abhishek\Project\LangChain\cybersecurity-multi-doc-rag\data\raw\audit.txt
doc_00000_chunk_018,doc_00000,audit.txt,txt,,d:\Abhishek\Project\LangChain\cybersecurity-multi-doc-rag\data\raw\audit.txt
doc_00000_chunk_019,doc_00000,audit.txt,txt,,d:\Abhishek\Project\LangChain\cybersecurity-multi-doc-rag\data\raw\audit.txt
doc_00000_chunk_020,doc_00000,audit.txt,txt,,d:\Abhishek\Project\LangChain\cybersecurity-multi-doc-rag\data\raw\audit.txt
doc_00000_chunk_021,doc_00000,audit.txt,txt,,d:\Abhishek\Project\LangChain\cybersecurity-multi-doc-rag\data\raw\audit.txt
doc_00000_chunk_022,doc_00000,audit.txt,txt,,d:\Abhishek\Project\LangChain\cybersecurity-multi-doc-rag\data\raw\audit.txt
doc_00000_chunk_023,doc_00000,audit.txt,txt,,d:\Abhishek\Project\LangChain\cybersecurity-multi-doc-rag\data\raw\audit.txt
doc_00000_chunk_024,doc_00000,audit.txt,txt,,d:\Abhishek\Project\LangChain\cybersecurity-multi-doc-rag\data\raw\audit.txt
doc_00000_chunk_025,doc_00000,audit.txt,txt,,d:\Abhishek\Project\LangChain\cybersecurity-multi-doc-rag\data\raw\audit.txt
doc_00000_chunk_026,doc_00000,audit.txt,txt,,d:\Abhishek\Project\LangChain\cybersecurity-multi-doc-rag\data\raw\audit.txt
doc_00000_chunk_027,doc_00000,audit.txt,txt,,d:\Abhishek\Project\LangChain\cybersecurity-multi-doc-rag\data\raw\audit.txt
doc_00000_chunk_028,doc_00000,audit.txt,txt,,d:\Abhishek\Project\LangChain\cybersecurity-multi-doc-rag\data\raw\audit.txt
doc_00000_chunk_029,doc_00000,audit.txt,txt,,d:\Abhishek\Project\LangChain\cybersecurity-multi-doc-rag\data\raw\audit.txt
doc_00000_chunk_030,doc_00000,audit.txt,txt,,d:\Abhishek\Project\LangChain\cybersecurity-multi-doc-rag\data\raw\audit.txt
doc_00000_chunk_031,doc_00000,audit.txt,txt,,d:\Abhishek\Project\LangChain\cybersecurity-multi-doc-rag\data\raw\audit.txt
doc_00000_chunk_032,doc_00000,audit.txt,txt,,d:\Abhishek\Project\LangChain\cybersecurity-multi-doc-rag\data\raw\audit.txt
doc_00000_chunk_033,doc_00000,audit.txt,txt,,d:\Abhishek\Project\LangChain\cybersecurity-multi-doc-rag\data\raw\audit.txt
doc_00000_chunk_034,doc_00000,audit.txt,txt,,d:\Abhishek\Project\LangChain\cybersecurity-multi-doc-rag\data\raw\audit.txt
doc_00000_chunk_035,doc_00000,audit.txt,txt,,d:\Abhishek\Project\LangChain\cybersecurity-multi-doc-rag\data\raw\audit.txt
doc_00000_chunk_036,doc_00000,audit.txt,txt,,d:\Abhishek\Project\LangChain\cybersecurity-multi-doc-rag\data\raw\audit.txt
doc_00000_chunk_037,doc_00000,audit.txt,txt,,d:\Abhishek\Project\LangChain\cybersecurity-multi-doc-rag\data\raw\audit.txt
doc_00001_chunk_000,doc_00001,cui-ssp-template-final.docx,docx,,d:\Abhishek\Project\LangChain\cybersecurity-multi-doc-rag\data\raw\cui-ssp-template-final.docx
doc_00001_chunk_001,doc_00001,cui-ssp-template-final.docx,docx,,d:\Abhishek\Project\LangChain\cybersecurity-multi-doc-rag\data\raw\cui-ssp-template-final.docx
doc_00001_chunk_002,doc_00001,cui-ssp-template-final.docx,docx,,d:\Abhishek\Project\LangChain\cybersecurity-multi-doc-rag\data\raw\cui-ssp-template-final.docx
doc_00001_chunk_003,doc_00001,cui-ssp-template-final.docx,docx,,d:\Abhishek\Project\LangChain\cybersecurity-multi-doc-rag\data\raw\cui-ssp-template-final.docx
doc_00001_chunk_004,doc_00001,cui-ssp-template-final.docx,docx,,d:\Abhishek\Project\LangChain\cybersecurity-multi-doc-rag\data\raw\cui-ssp-template-final.docx
doc_00001_chunk_005,doc_00001,cui-ssp-template-final.docx,docx,,d:\Abhishek\Project\LangChain\cybersecurity-multi-doc-rag\data\raw\cui-ssp-template-final.docx
doc_00001_chunk_006,doc_00001,cui-ssp-template-final.docx,docx,,d:\Abhishek\Project\LangChain\cybersecurity-multi-doc-rag\data\raw\cui-ssp-template-final.docx
doc_00001_chunk_007,doc_00001,cui-ssp-template-final.docx,docx,,d:\Abhishek\Project\LangChain\cybersecurity-multi-doc-rag\data\raw\cui-ssp-template-final.docx
doc_00001_chunk_008,doc_00001,cui-ssp-template-final.docx,docx,,d:\Abhishek\Project\LangChain\cybersecurity-multi-doc-rag\data\raw\cui-ssp-template-final.docx
doc_00001_chunk_009,doc_00001,cui-ssp-template-final.docx,docx,,d:\Abhishek\Project\LangChain\cybersecurity-multi-doc-rag\data\raw\cui-ssp-template-final.docx
doc_00001_chunk_010,doc_00001,cui-ssp-template-final.docx,docx,,d:\Abhishek\Project\LangChain\cybersecurity-multi-doc-rag\data\raw\cui-ssp-template-final.docx
doc_00001_chunk_011,doc_00001,cui-ssp-template-final.docx,docx,,d:\Abhishek\Project\LangChain\cybersecurity-multi-doc-rag\data\raw\cui-ssp-template-final.docx
doc_00001_chunk_012,doc_00001,cui-ssp-template-final.docx,docx,,d:\Abhishek\Project\LangChain\cybersecurity-multi-doc-rag\data\raw\cui-ssp-template-final.docx
doc_00001_chunk_013,doc_00001,cui-ssp-template-final.docx,docx,,d:\Abhishek\Project\LangChain\cybersecurity-multi-doc-rag\data\raw\cui-ssp-template-final.docx
doc_00001_chunk_014,doc_00001,cui-ssp-template-final.docx,docx,,d:\Abhishek\Project\LangChain\cybersecurity-multi-doc-rag\data\raw\cui-ssp-template-final.docx
doc_00001_chunk_015,doc_00001,cui-ssp-template-final.docx,docx,,d:\Abhishek\Project\LangChain\cybersecurity-multi-doc-rag\data\raw\cui-ssp-template-final.docx
doc_00001_chunk_016,doc_00001,cui-ssp-template-final.docx,docx,,d:\Abhishek\Project\LangChain\cybersecurity-multi-doc-rag\data\raw\cui-ssp-template-final.docx
doc_00001_chunk_017,doc_00001,cui-ssp-template-final.docx,docx,,d:\Abhishek\Project\LangChain\cybersecurity-multi-doc-rag\data\raw\cui-ssp-template-final.docx
doc_00001_chunk_018,doc_00001,cui-ssp-template-final.docx,docx,,d:\Abhishek\Project\LangChain\cybersecurity-multi-doc-rag\data\raw\cui-ssp-template-final.docx
doc_00001_chunk_019,doc_00001,cui-ssp-template-final.docx,docx,,d:\Abhishek\Project\LangChain\cybersecurity-multi-doc-rag\data\raw\cui-ssp-template-final.docx
doc_00001_chunk_020,doc_00001,cui-ssp-template-final.docx,docx,,d:\Abhishek\Project\LangChain\cybersecurity-multi-doc-rag\data\raw\cui-ssp-template-final.docx
doc_00001_chunk_021,doc_00001,cui-ssp-template-final.docx,docx,,d:\Abhishek\Project\LangChain\cybersecurity-multi-doc-rag\data\raw\cui-ssp-template-final.docx
doc_00001_chunk_022,doc_00001,cui-ssp-template-final.docx,docx,,d:\Abhishek\Project\LangChain\cybersecurity-multi-doc-rag\data\raw\cui-ssp-template-final.docx
doc_00001_chunk_023,doc_00001,cui-ssp-template-final.docx,docx,,d:\Abhishek\Project\LangChain\cybersecurity-multi-doc-rag\data\raw\cui-ssp-template-final.docx
doc_00001_chunk_024,doc_00001,cui-ssp-template-final.docx,docx,,d:\Abhishek\Project\LangChain\cybersecurity-multi-doc-rag\data\raw\cui-ssp-template-final.docx
doc_00001_chunk_025,doc_00001,cui-ssp-template-final.docx,docx,,d:\Abhishek\Project\LangChain\cybersecurity-multi-doc-rag\data\raw\cui-ssp-template-final.docx
doc_00001_chunk_026,doc_00001,cui-ssp-template-final.docx,docx,,d:\Abhishek\Project\LangChain\cybersecurity-multi-doc-rag\data\raw\cui-ssp-template-final.docx
doc_00001_chunk_027,doc_00001,cui-ssp-template-final.docx,docx,,d:\Abhishek\Project\LangChain\cybersecurity-multi-doc-rag\data\raw\cui-ssp-template-final.docx
doc_00001_chunk_028,doc_00001,cui-ssp-template-final.docx,docx,,d:\Abhishek\Project\LangChain\cybersecurity-multi-doc-rag\data\raw\cui-ssp-template-final.docx
doc_00001_chunk_029,doc_00001,cui-ssp-template-final.docx,docx,,d:\Abhishek\Project\LangChain\cybersecurity-multi-doc-rag\data\raw\cui-ssp-template-final.docx
doc_00001_chunk_030,doc_00001,cui-ssp-template-final.docx,docx,,d:\Abhishek\Project\LangChain\cybersecurity-multi-doc-rag\data\raw\cui-ssp-template-final.docx
doc_00001_chunk_031,doc_00001,cui-ssp-template-final.docx,docx,,d:\Abhishek\Project\LangChain\cybersecurity-multi-doc-rag\data\raw\cui-ssp-template-final.docx
doc_00001_chunk_032,doc_00001,cui-ssp-template-final.docx,docx,,d:\Abhishek\Project\LangChain\cybersecurity-multi-doc-rag\data\raw\cui-ssp-template-final.docx
doc_00001_chunk_033,doc_00001,cui-ssp-template-final.docx,docx,,d:\Abhishek\Project\LangChain\cybersecurity-multi-doc-rag\data\raw\cui-ssp-template-final.docx
doc_00001_chunk_034,doc_00001,cui-ssp-template-final.docx,docx,,d:\Abhishek\Project\LangChain\cybersecurity-multi-doc-rag\data\raw\cui-ssp-template-final.docx
doc_00001_chunk_035,doc_00001,cui-ssp-template-final.docx,docx,,d:\Abhishek\Project\LangChain\cybersecurity-multi-doc-rag\data\raw\cui-ssp-template-final.docx
doc_00001_chunk_036,doc_00001,cui-ssp-template-final.docx,docx,,d:\Abhishek\Project\LangChain\cybersecurity-multi-doc-rag\data\raw\cui-ssp-template-final.docx
doc_00001_chunk_037,doc_00001,cui-ssp-template-final.docx,docx,,d:\Abhishek\Project\LangChain\cybersecurity-multi-doc-rag\data\raw\cui-ssp-template-final.docx
doc_00001_chunk_038,doc_00001,cui-ssp-template-final.docx,docx,,d:\Abhishek\Project\LangChain\cybersecurity-multi-doc-rag\data\raw\cui-ssp-template-final.docx
doc_00001_chunk_039,doc_00001,cui-ssp-template-final.docx,docx,,d:\Abhishek\Project\LangChain\cybersecurity-multi-doc-rag\data\raw\cui-ssp-template-final.docx
doc_00001_chunk_040,doc_00001,cui-ssp-template-final.docx,docx,,d:\Abhishek\Project\LangChain\cybersecurity-multi-doc-rag\data\raw\cui-ssp-template-final.docx
doc_00001_chunk_041,doc_00001,cui-ssp-template-final.docx,docx,,d:\Abhishek\Project\LangChain\cybersecurity-multi-doc-rag\data\raw\cui-ssp-template-final.docx
doc_00001_chunk_042,doc_00001,cui-ssp-template-final.docx,docx,,d:\Abhishek\Project\LangChain\cybersecurity-multi-doc-rag\data\raw\cui-ssp-template-final.docx
doc_00001_chunk_043,doc_00001,cui-ssp-template-final.docx,docx,,d:\Abhishek\Project\LangChain\cybersecurity-multi-doc-rag\data\raw\cui-ssp-template-final.docx
doc_00001_chunk_044,doc_00001,cui-ssp-template-final.docx,docx,,d:\Abhishek\Project\LangChain\cybersecurity-multi-doc-rag\data\raw\cui-ssp-template-final.docx
doc_00001_chunk_045,doc_00001,cui-ssp-template-final.docx,docx,,d:\Abhishek\Project\LangChain\cybersecurity-multi-doc-rag\data\raw\cui-ssp-template-final.docx
doc_00001_chunk_046,doc_00001,cui-ssp-template-final.docx,docx,,d:\Abhishek\Project\LangChain\cybersecurity-multi-doc-rag\data\raw\cui-ssp-template-final.docx
doc_00001_chunk_047,doc_00001,cui-ssp-template-final.docx,docx,,d:\Abhishek\Project\LangChain\cybersecurity-multi-doc-rag\data\raw\cui-ssp-template-final.docx
doc_00001_chunk_048,doc_00001,cui-ssp-template-final.docx,docx,,d:\Abhishek\Project\LangChain\cybersecurity-multi-doc-rag\data\raw\cui-ssp-template-final.docx
doc_00001_chunk_049,doc_00001,cui-ssp-template-final.docx,docx,,d:\Abhishek\Project\LangChain\cybersecurity-multi-doc-rag\data\raw\cui-ssp-template-final.docx
doc_00002_chunk_000,doc_00002,NIST.CSWP.29.pdf,pdf,0.0,d:\Abhishek\Project\LangChain\cybersecurity-multi-doc-rag\data\raw\NIST.CSWP.29.pdf
doc_00003_chunk_000,doc_00003,NIST.CSWP.29.pdf,pdf,1.0,d:\Abhishek\Project\LangChain\cybersecurity-multi-doc-rag\data\raw\NIST.CSWP.29.pdf
doc_00003_chunk_001,doc_00003,NIST.CSWP.29.pdf,pdf,1.0,d:\Abhishek\Project\LangChain\cybersecurity-multi-doc-rag\data\raw\NIST.CSWP.29.pdf
doc_00003_chunk_002,doc_00003,NIST.CSWP.29.pdf,pdf,1.0,d:\Abhishek\Project\LangChain\cybersecurity-multi-doc-rag\data\raw\NIST.CSWP.29.pdf
doc_00003_chunk_003,doc_00003,NIST.CSWP.29.pdf,pdf,1.0,d:\Abhishek\Project\LangChain\cybersecurity-multi-doc-rag\data\raw\NIST.CSWP.29.pdf
doc_00004_chunk_000,doc_00004,NIST.CSWP.29.pdf,pdf,2.0,d:\Abhishek\Project\LangChain\cybersecurity-multi-doc-rag\data\raw\NIST.CSWP.29.pdf
doc_00005_chunk_000,doc_00005,NIST.CSWP.29.pdf,pdf,3.0,d:\Abhishek\Project\LangChain\cybersecurity-multi-doc-rag\data\raw\NIST.CSWP.29.pdf
doc_00005_chunk_001,doc_00005,NIST.CSWP.29.pdf,pdf,3.0,d:\Abhishek\Project\LangChain\cybersecurity-multi-doc-rag\data\raw\NIST.CSWP.29.pdf
doc_00005_chunk_002,doc_00005,NIST.CSWP.29.pdf,pdf,3.0,d:\Abhishek\Project\LangChain\cybersecurity-multi-doc-rag\data\raw\NIST.CSWP.29.pdf
doc_00005_chunk_003,doc_00005,NIST.CSWP.29.pdf,pdf,3.0,d:\Abhishek\Project\LangChain\cybersecurity-multi-doc-rag\data\raw\NIST.CSWP.29.pdf
doc_00006_chunk_000,doc_00006,NIST.CSWP.29.pdf,pdf,4.0,d:\Abhishek\Project\LangChain\cybersecurity-multi-doc-rag\data\raw\NIST.CSWP.29.pdf
doc_00006_chunk_001,doc_00006,NIST.CSWP.29.pdf,pdf,4.0,d:\Abhishek\Project\LangChain\cybersecurity-multi-doc-rag\data\raw\NIST.CSWP.29.pdf
doc_00006_chunk_002,doc_00006,NIST.CSWP.29.pdf,pdf,4.0,d:\Abhishek\Project\LangChain\cybersecurity-multi-doc-rag\data\raw\NIST.CSWP.29.pdf
doc_00006_chunk_003,doc_00006,NIST.CSWP.29.pdf,pdf,4.0,d:\Abhishek\Project\LangChain\cybersecurity-multi-doc-rag\data\raw\NIST.CSWP.29.pdf
doc_00006_chunk_004,doc_00006,NIST.CSWP.29.pdf,pdf,4.0,d:\Abhishek\Project\LangChain\cybersecurity-multi-doc-rag\data\raw\NIST.CSWP.29.pdf
doc_00007_chunk_000,doc_00007,NIST.CSWP.29.pdf,pdf,5.0,d:\Abhishek\Project\LangChain\cybersecurity-multi-doc-rag\data\raw\NIST.CSWP.29.pdf
doc_00007_chunk_001,doc_00007,NIST.CSWP.29.pdf,pdf,5.0,d:\Abhishek\Project\LangChain\cybersecurity-multi-doc-rag\data\raw\NIST.CSWP.29.pdf
doc_00007_chunk_002,doc_00007,NIST.CSWP.29.pdf,pdf,5.0,d:\Abhishek\Project\LangChain\cybersecurity-multi-doc-rag\data\raw\NIST.CSWP.29.pdf
doc_00007_chunk_003,doc_00007,NIST.CSWP.29.pdf,pdf,5.0,d:\Abhishek\Project\LangChain\cybersecurity-multi-doc-rag\data\raw\NIST.CSWP.29.pdf
doc_00008_chunk_000,doc_00008,NIST.CSWP.29.pdf,pdf,6.0,d:\Abhishek\Project\LangChain\cybersecurity-multi-doc-rag\data\raw\NIST.CSWP.29.pdf
doc_00008_chunk_001,doc_00008,NIST.CSWP.29.pdf,pdf,6.0,d:\Abhishek\Project\LangChain\cybersecurity-multi-doc-rag\data\raw\NIST.CSWP.29.pdf
doc_00008_chunk_002,doc_00008,NIST.CSWP.29.pdf,pdf,6.0,d:\Abhishek\Project\LangChain\cybersecurity-multi-doc-rag\data\raw\NIST.CSWP.29.pdf
doc_00008_chunk_003,doc_00008,NIST.CSWP.29.pdf,pdf,6.0,d:\Abhishek\Project\LangChain\cybersecurity-multi-doc-rag\data\raw\NIST.CSWP.29.pdf
doc_00009_chunk_000,doc_00009,NIST.CSWP.29.pdf,pdf,7.0,d:\Abhishek\Project\LangChain\cybersecurity-multi-doc-rag\data\raw\NIST.CSWP.29.pdf
doc_00009_chunk_001,doc_00009,NIST.CSWP.29.pdf,pdf,7.0,d:\Abhishek\Project\LangChain\cybersecurity-multi-doc-rag\data\raw\NIST.CSWP.29.pdf
doc_00009_chunk_002,doc_00009,NIST.CSWP.29.pdf,pdf,7.0,d:\Abhishek\Project\LangChain\cybersecurity-multi-doc-rag\data\raw\NIST.CSWP.29.pdf
doc_00010_chunk_000,doc_00010,NIST.CSWP.29.pdf,pdf,8.0,d:\Abhishek\Project\LangChain\cybersecurity-multi-doc-rag\data\raw\NIST.CSWP.29.pdf
doc_00010_chunk_001,doc_00010,NIST.CSWP.29.pdf,pdf,8.0,d:\Abhishek\Project\LangChain\cybersecurity-multi-doc-rag\data\raw\NIST.CSWP.29.pdf
doc_00010_chunk_002,doc_00010,NIST.CSWP.29.pdf,pdf,8.0,d:\Abhishek\Project\LangChain\cybersecurity-multi-doc-rag\data\raw\NIST.CSWP.29.pdf
doc_00010_chunk_003,doc_00010,NIST.CSWP.29.pdf,pdf,8.0,d:\Abhishek\Project\LangChain\cybersecurity-multi-doc-rag\data\raw\NIST.CSWP.29.pdf
doc_00010_chunk_004,doc_00010,NIST.CSWP.29.pdf,pdf,8.0,d:\Abhishek\Project\LangChain\cybersecurity-multi-doc-rag\data\raw\NIST.CSWP.29.pdf
doc_00011_chunk_000,doc_00011,NIST.CSWP.29.pdf,pdf,9.0,d:\Abhishek\Project\LangChain\cybersecurity-multi-doc-rag\data\raw\NIST.CSWP.29.pdf
doc_00011_chunk_001,doc_00011,NIST.CSWP.29.pdf,pdf,9.0,d:\Abhishek\Project\LangChain\cybersecurity-multi-doc-rag\data\raw\NIST.CSWP.29.pdf
doc_00011_chunk_002,doc_00011,NIST.CSWP.29.pdf,pdf,9.0,d:\Abhishek\Project\LangChain\cybersecurity-multi-doc-rag\data\raw\NIST.CSWP.29.pdf
doc_00012_chunk_000,doc_00012,NIST.CSWP.29.pdf,pdf,10.0,d:\Abhishek\Project\LangChain\cybersecurity-multi-doc-rag\data\raw\NIST.CSWP.29.pdf
doc_00012_chunk_001,doc_00012,NIST.CSWP.29.pdf,pdf,10.0,d:\Abhishek\Project\LangChain\cybersecurity-multi-doc-rag\data\raw\NIST.CSWP.29.pdf
doc_00012_chunk_002,doc_00012,NIST.CSWP.29.pdf,pdf,10.0,d:\Abhishek\Project\LangChain\cybersecurity-multi-doc-rag\data\raw\NIST.CSWP.29.pdf
doc_00013_chunk_000,doc_00013,NIST.CSWP.29.pdf,pdf,11.0,d:\Abhishek\Project\LangChain\cybersecurity-multi-doc-rag\data\raw\NIST.CSWP.29.pdf
doc_00013_chunk_001,doc_00013,NIST.CSWP.29.pdf,pdf,11.0,d:\Abhishek\Project\LangChain\cybersecurity-multi-doc-rag\data\raw\NIST.CSWP.29.pdf
doc_00013_chunk_002,doc_00013,NIST.CSWP.29.pdf,pdf,11.0,d:\Abhishek\Project\LangChain\cybersecurity-multi-doc-rag\data\raw\NIST.CSWP.29.pdf
doc_00013_chunk_003,doc_00013,NIST.CSWP.29.pdf,pdf,11.0,d:\Abhishek\Project\LangChain\cybersecurity-multi-doc-rag\data\raw\NIST.CSWP.29.pdf
doc_00013_chunk_004,doc_00013,NIST.CSWP.29.pdf,pdf,11.0,d:\Abhishek\Project\LangChain\cybersecurity-multi-doc-rag\data\raw\NIST.CSWP.29.pdf
doc_00014_chunk_000,doc_00014,NIST.CSWP.29.pdf,pdf,12.0,d:\Abhishek\Project\LangChain\cybersecurity-multi-doc-rag\data\raw\NIST.CSWP.29.pdf
doc_00014_chunk_001,doc_00014,NIST.CSWP.29.pdf,pdf,12.0,d:\Abhishek\Project\LangChain\cybersecurity-multi-doc-rag\data\raw\NIST.CSWP.29.pdf
doc_00014_chunk_002,doc_00014,NIST.CSWP.29.pdf,pdf,12.0,d:\Abhishek\Project\LangChain\cybersecurity-multi-doc-rag\data\raw\NIST.CSWP.29.pdf
doc_00015_chunk_000,doc_00015,NIST.CSWP.29.pdf,pdf,13.0,d:\Abhishek\Project\LangChain\cybersecurity-multi-doc-rag\data\raw\NIST.CSWP.29.pdf
doc_00015_chunk_001,doc_00015,NIST.CSWP.29.pdf,pdf,13.0,d:\Abhishek\Project\LangChain\cybersecurity-multi-doc-rag\data\raw\NIST.CSWP.29.pdf
doc_00015_chunk_002,doc_00015,NIST.CSWP.29.pdf,pdf,13.0,d:\Abhishek\Project\LangChain\cybersecurity-multi-doc-rag\data\raw\NIST.CSWP.29.pdf
doc_00015_chunk_003,doc_00015,NIST.CSWP.29.pdf,pdf,13.0,d:\Abhishek\Project\LangChain\cybersecurity-multi-doc-rag\data\raw\NIST.CSWP.29.pdf
doc_00016_chunk_000,doc_00016,NIST.CSWP.29.pdf,pdf,14.0,d:\Abhishek\Project\LangChain\cybersecurity-multi-doc-rag\data\raw\NIST.CSWP.29.pdf
doc_00016_chunk_001,doc_00016,NIST.CSWP.29.pdf,pdf,14.0,d:\Abhishek\Project\LangChain\cybersecurity-multi-doc-rag\data\raw\NIST.CSWP.29.pdf
doc_00016_chunk_002,doc_00016,NIST.CSWP.29.pdf,pdf,14.0,d:\Abhishek\Project\LangChain\cybersecurity-multi-doc-rag\data\raw\NIST.CSWP.29.pdf
doc_00016_chunk_003,doc_00016,NIST.CSWP.29.pdf,pdf,14.0,d:\Abhishek\Project\LangChain\cybersecurity-multi-doc-rag\data\raw\NIST.CSWP.29.pdf
doc_00017_chunk_000,doc_00017,NIST.CSWP.29.pdf,pdf,15.0,d:\Abhishek\Project\LangChain\cybersecurity-multi-doc-rag\data\raw\NIST.CSWP.29.pdf
doc_00017_chunk_001,doc_00017,NIST.CSWP.29.pdf,pdf,15.0,d:\Abhishek\Project\LangChain\cybersecurity-multi-doc-rag\data\raw\NIST.CSWP.29.pdf
doc_00017_chunk_002,doc_00017,NIST.CSWP.29.pdf,pdf,15.0,d:\Abhishek\Project\LangChain\cybersecurity-multi-doc-rag\data\raw\NIST.CSWP.29.pdf
doc_00017_chunk_003,doc_00017,NIST.CSWP.29.pdf,pdf,15.0,d:\Abhishek\Project\LangChain\cybersecurity-multi-doc-rag\data\raw\NIST.CSWP.29.pdf
doc_00017_chunk_004,doc_00017,NIST.CSWP.29.pdf,pdf,15.0,d:\Abhishek\Project\LangChain\cybersecurity-multi-doc-rag\data\raw\NIST.CSWP.29.pdf
doc_00017_chunk_005,doc_00017,NIST.CSWP.29.pdf,pdf,15.0,d:\Abhishek\Project\LangChain\cybersecurity-multi-doc-rag\data\raw\NIST.CSWP.29.pdf
doc_00018_chunk_000,doc_00018,NIST.CSWP.29.pdf,pdf,16.0,d:\Abhishek\Project\LangChain\cybersecurity-multi-doc-rag\data\raw\NIST.CSWP.29.pdf
doc_00018_chunk_001,doc_00018,NIST.CSWP.29.pdf,pdf,16.0,d:\Abhishek\Project\LangChain\cybersecurity-multi-doc-rag\data\raw\NIST.CSWP.29.pdf
doc_00018_chunk_002,doc_00018,NIST.CSWP.29.pdf,pdf,16.0,d:\Abhishek\Project\LangChain\cybersecurity-multi-doc-rag\data\raw\NIST.CSWP.29.pdf
doc_00018_chunk_003,doc_00018,NIST.CSWP.29.pdf,pdf,16.0,d:\Abhishek\Project\LangChain\cybersecurity-multi-doc-rag\data\raw\NIST.CSWP.29.pdf
doc_00019_chunk_000,doc_00019,NIST.CSWP.29.pdf,pdf,17.0,d:\Abhishek\Project\LangChain\cybersecurity-multi-doc-rag\data\raw\NIST.CSWP.29.pdf
doc_00019_chunk_001,doc_00019,NIST.CSWP.29.pdf,pdf,17.0,d:\Abhishek\Project\LangChain\cybersecurity-multi-doc-rag\data\raw\NIST.CSWP.29.pdf
doc_00019_chunk_002,doc_00019,NIST.CSWP.29.pdf,pdf,17.0,d:\Abhishek\Project\LangChain\cybersecurity-multi-doc-rag\data\raw\NIST.CSWP.29.pdf
doc_00019_chunk_003,doc_00019,NIST.CSWP.29.pdf,pdf,17.0,d:\Abhishek\Project\LangChain\cybersecurity-multi-doc-rag\data\raw\NIST.CSWP.29.pdf
doc_00019_chunk_004,doc_00019,NIST.CSWP.29.pdf,pdf,17.0,d:\Abhishek\Project\LangChain\cybersecurity-multi-doc-rag\data\raw\NIST.CSWP.29.pdf
doc_00020_chunk_000,doc_00020,NIST.CSWP.29.pdf,pdf,18.0,d:\Abhishek\Project\LangChain\cybersecurity-multi-doc-rag\data\raw\NIST.CSWP.29.pdf
doc_00020_chunk_001,doc_00020,NIST.CSWP.29.pdf,pdf,18.0,d:\Abhishek\Project\LangChain\cybersecurity-multi-doc-rag\data\raw\NIST.CSWP.29.pdf
doc_00021_chunk_000,doc_00021,NIST.CSWP.29.pdf,pdf,19.0,d:\Abhishek\Project\LangChain\cybersecurity-multi-doc-rag\data\raw\NIST.CSWP.29.pdf
doc_00021_chunk_001,doc_00021,NIST.CSWP.29.pdf,pdf,19.0,d:\Abhishek\Project\LangChain\cybersecurity-multi-doc-rag\data\raw\NIST.CSWP.29.pdf
doc_00021_chunk_002,doc_00021,NIST.CSWP.29.pdf,pdf,19.0,d:\Abhishek\Project\LangChain\cybersecurity-multi-doc-rag\data\raw\NIST.CSWP.29.pdf
doc_00021_chunk_003,doc_00021,NIST.CSWP.29.pdf,pdf,19.0,d:\Abhishek\Project\LangChain\cybersecurity-multi-doc-rag\data\raw\NIST.CSWP.29.pdf
doc_00022_chunk_000,doc_00022,NIST.CSWP.29.pdf,pdf,20.0,d:\Abhishek\Project\LangChain\cybersecurity-multi-doc-rag\data\raw\NIST.CSWP.29.pdf
doc_00022_chunk_001,doc_00022,NIST.CSWP.29.pdf,pdf,20.0,d:\Abhishek\Project\LangChain\cybersecurity-multi-doc-rag\data\raw\NIST.CSWP.29.pdf
doc_00022_chunk_002,doc_00022,NIST.CSWP.29.pdf,pdf,20.0,d:\Abhishek\Project\LangChain\cybersecurity-multi-doc-rag\data\raw\NIST.CSWP.29.pdf
doc_00022_chunk_003,doc_00022,NIST.CSWP.29.pdf,pdf,20.0,d:\Abhishek\Project\LangChain\cybersecurity-multi-doc-rag\data\raw\NIST.CSWP.29.pdf
doc_00022_chunk_004,doc_00022,NIST.CSWP.29.pdf,pdf,20.0,d:\Abhishek\Project\LangChain\cybersecurity-multi-doc-rag\data\raw\NIST.CSWP.29.pdf
doc_00023_chunk_000,doc_00023,NIST.CSWP.29.pdf,pdf,21.0,d:\Abhishek\Project\LangChain\cybersecurity-multi-doc-rag\data\raw\NIST.CSWP.29.pdf
doc_00023_chunk_001,doc_00023,NIST.CSWP.29.pdf,pdf,21.0,d:\Abhishek\Project\LangChain\cybersecurity-multi-doc-rag\data\raw\NIST.CSWP.29.pdf
doc_00023_chunk_002,doc_00023,NIST.CSWP.29.pdf,pdf,21.0,d:\Abhishek\Project\LangChain\cybersecurity-multi-doc-rag\data\raw\NIST.CSWP.29.pdf
doc_00023_chunk_003,doc_00023,NIST.CSWP.29.pdf,pdf,21.0,d:\Abhishek\Project\LangChain\cybersecurity-multi-doc-rag\data\raw\NIST.CSWP.29.pdf
doc_00023_chunk_004,doc_00023,NIST.CSWP.29.pdf,pdf,21.0,d:\Abhishek\Project\LangChain\cybersecurity-multi-doc-rag\data\raw\NIST.CSWP.29.pdf
doc_00024_chunk_000,doc_00024,NIST.CSWP.29.pdf,pdf,22.0,d:\Abhishek\Project\LangChain\cybersecurity-multi-doc-rag\data\raw\NIST.CSWP.29.pdf
doc_00024_chunk_001,doc_00024,NIST.CSWP.29.pdf,pdf,22.0,d:\Abhishek\Project\LangChain\cybersecurity-multi-doc-rag\data\raw\NIST.CSWP.29.pdf
doc_00024_chunk_002,doc_00024,NIST.CSWP.29.pdf,pdf,22.0,d:\Abhishek\Project\LangChain\cybersecurity-multi-doc-rag\data\raw\NIST.CSWP.29.pdf
doc_00024_chunk_003,doc_00024,NIST.CSWP.29.pdf,pdf,22.0,d:\Abhishek\Project\LangChain\cybersecurity-multi-doc-rag\data\raw\NIST.CSWP.29.pdf
doc_00024_chunk_004,doc_00024,NIST.CSWP.29.pdf,pdf,22.0,d:\Abhishek\Project\LangChain\cybersecurity-multi-doc-rag\data\raw\NIST.CSWP.29.pdf
doc_00025_chunk_000,doc_00025,NIST.CSWP.29.pdf,pdf,23.0,d:\Abhishek\Project\LangChain\cybersecurity-multi-doc-rag\data\raw\NIST.CSWP.29.pdf
doc_00025_chunk_001,doc_00025,NIST.CSWP.29.pdf,pdf,23.0,d:\Abhishek\Project\LangChain\cybersecurity-multi-doc-rag\data\raw\NIST.CSWP.29.pdf
doc_00025_chunk_002,doc_00025,NIST.CSWP.29.pdf,pdf,23.0,d:\Abhishek\Project\LangChain\cybersecurity-multi-doc-rag\data\raw\NIST.CSWP.29.pdf
doc_00025_chunk_003,doc_00025,NIST.CSWP.29.pdf,pdf,23.0,d:\Abhishek\Project\LangChain\cybersecurity-multi-doc-rag\data\raw\NIST.CSWP.29.pdf
doc_00025_chunk_004,doc_00025,NIST.CSWP.29.pdf,pdf,23.0,d:\Abhishek\Project\LangChain\cybersecurity-multi-doc-rag\data\raw\NIST.CSWP.29.pdf
doc_00026_chunk_000,doc_00026,NIST.CSWP.29.pdf,pdf,24.0,d:\Abhishek\Project\LangChain\cybersecurity-multi-doc-rag\data\raw\NIST.CSWP.29.pdf
doc_00026_chunk_001,doc_00026,NIST.CSWP.29.pdf,pdf,24.0,d:\Abhishek\Project\LangChain\cybersecurity-multi-doc-rag\data\raw\NIST.CSWP.29.pdf
doc_00026_chunk_002,doc_00026,NIST.CSWP.29.pdf,pdf,24.0,d:\Abhishek\Project\LangChain\cybersecurity-multi-doc-rag\data\raw\NIST.CSWP.29.pdf
doc_00026_chunk_003,doc_00026,NIST.CSWP.29.pdf,pdf,24.0,d:\Abhishek\Project\LangChain\cybersecurity-multi-doc-rag\data\raw\NIST.CSWP.29.pdf
doc_00026_chunk_004,doc_00026,NIST.CSWP.29.pdf,pdf,24.0,d:\Abhishek\Project\LangChain\cybersecurity-multi-doc-rag\data\raw\NIST.CSWP.29.pdf
doc_00027_chunk_000,doc_00027,NIST.CSWP.29.pdf,pdf,25.0,d:\Abhishek\Project\LangChain\cybersecurity-multi-doc-rag\data\raw\NIST.CSWP.29.pdf
doc_00027_chunk_001,doc_00027,NIST.CSWP.29.pdf,pdf,25.0,d:\Abhishek\Project\LangChain\cybersecurity-multi-doc-rag\data\raw\NIST.CSWP.29.pdf
doc_00027_chunk_002,doc_00027,NIST.CSWP.29.pdf,pdf,25.0,d:\Abhishek\Project\LangChain\cybersecurity-multi-doc-rag\data\raw\NIST.CSWP.29.pdf
doc_00028_chunk_000,doc_00028,NIST.CSWP.29.pdf,pdf,26.0,d:\Abhishek\Project\LangChain\cybersecurity-multi-doc-rag\data\raw\NIST.CSWP.29.pdf
doc_00028_chunk_001,doc_00028,NIST.CSWP.29.pdf,pdf,26.0,d:\Abhishek\Project\LangChain\cybersecurity-multi-doc-rag\data\raw\NIST.CSWP.29.pdf
doc_00028_chunk_002,doc_00028,NIST.CSWP.29.pdf,pdf,26.0,d:\Abhishek\Project\LangChain\cybersecurity-multi-doc-rag\data\raw\NIST.CSWP.29.pdf
doc_00028_chunk_003,doc_00028,NIST.CSWP.29.pdf,pdf,26.0,d:\Abhishek\Project\LangChain\cybersecurity-multi-doc-rag\data\raw\NIST.CSWP.29.pdf
doc_00028_chunk_004,doc_00028,NIST.CSWP.29.pdf,pdf,26.0,d:\Abhishek\Project\LangChain\cybersecurity-multi-doc-rag\data\raw\NIST.CSWP.29.pdf
doc_00029_chunk_000,doc_00029,NIST.CSWP.29.pdf,pdf,27.0,d:\Abhishek\Project\LangChain\cybersecurity-multi-doc-rag\data\raw\NIST.CSWP.29.pdf
doc_00029_chunk_001,doc_00029,NIST.CSWP.29.pdf,pdf,27.0,d:\Abhishek\Project\LangChain\cybersecurity-multi-doc-rag\data\raw\NIST.CSWP.29.pdf
doc_00029_chunk_002,doc_00029,NIST.CSWP.29.pdf,pdf,27.0,d:\Abhishek\Project\LangChain\cybersecurity-multi-doc-rag\data\raw\NIST.CSWP.29.pdf
doc_00030_chunk_000,doc_00030,NIST.CSWP.29.pdf,pdf,28.0,d:\Abhishek\Project\LangChain\cybersecurity-multi-doc-rag\data\raw\NIST.CSWP.29.pdf
doc_00030_chunk_001,doc_00030,NIST.CSWP.29.pdf,pdf,28.0,d:\Abhishek\Project\LangChain\cybersecurity-multi-doc-rag\data\raw\NIST.CSWP.29.pdf
doc_00030_chunk_002,doc_00030,NIST.CSWP.29.pdf,pdf,28.0,d:\Abhishek\Project\LangChain\cybersecurity-multi-doc-rag\data\raw\NIST.CSWP.29.pdf
doc_00030_chunk_003,doc_00030,NIST.CSWP.29.pdf,pdf,28.0,d:\Abhishek\Project\LangChain\cybersecurity-multi-doc-rag\data\raw\NIST.CSWP.29.pdf
doc_00030_chunk_004,doc_00030,NIST.CSWP.29.pdf,pdf,28.0,d:\Abhishek\Project\LangChain\cybersecurity-multi-doc-rag\data\raw\NIST.CSWP.29.pdf
doc_00030_chunk_005,doc_00030,NIST.CSWP.29.pdf,pdf,28.0,d:\Abhishek\Project\LangChain\cybersecurity-multi-doc-rag\data\raw\NIST.CSWP.29.pdf
doc_00030_chunk_006,doc_00030,NIST.CSWP.29.pdf,pdf,28.0,d:\Abhishek\Project\LangChain\cybersecurity-multi-doc-rag\data\raw\NIST.CSWP.29.pdf
doc_00031_chunk_000,doc_00031,NIST.CSWP.29.pdf,pdf,29.0,d:\Abhishek\Project\LangChain\cybersecurity-multi-doc-rag\data\raw\NIST.CSWP.29.pdf
doc_00031_chunk_001,doc_00031,NIST.CSWP.29.pdf,pdf,29.0,d:\Abhishek\Project\LangChain\cybersecurity-multi-doc-rag\data\raw\NIST.CSWP.29.pdf
doc_00031_chunk_002,doc_00031,NIST.CSWP.29.pdf,pdf,29.0,d:\Abhishek\Project\LangChain\cybersecurity-multi-doc-rag\data\raw\NIST.CSWP.29.pdf
doc_00031_chunk_003,doc_00031,NIST.CSWP.29.pdf,pdf,29.0,d:\Abhishek\Project\LangChain\cybersecurity-multi-doc-rag\data\raw\NIST.CSWP.29.pdf
doc_00031_chunk_004,doc_00031,NIST.CSWP.29.pdf,pdf,29.0,d:\Abhishek\Project\LangChain\cybersecurity-multi-doc-rag\data\raw\NIST.CSWP.29.pdf
doc_00032_chunk_000,doc_00032,NIST.CSWP.29.pdf,pdf,30.0,d:\Abhishek\Project\LangChain\cybersecurity-multi-doc-rag\data\raw\NIST.CSWP.29.pdf
doc_00032_chunk_001,doc_00032,NIST.CSWP.29.pdf,pdf,30.0,d:\Abhishek\Project\LangChain\cybersecurity-multi-doc-rag\data\raw\NIST.CSWP.29.pdf
doc_00032_chunk_002,doc_00032,NIST.CSWP.29.pdf,pdf,30.0,d:\Abhishek\Project\LangChain\cybersecurity-multi-doc-rag\data\raw\NIST.CSWP.29.pdf
doc_00032_chunk_003,doc_00032,NIST.CSWP.29.pdf,pdf,30.0,d:\Abhishek\Project\LangChain\cybersecurity-multi-doc-rag\data\raw\NIST.CSWP.29.pdf
doc_00032_chunk_004,doc_00032,NIST.CSWP.29.pdf,pdf,30.0,d:\Abhishek\Project\LangChain\cybersecurity-multi-doc-rag\data\raw\NIST.CSWP.29.pdf
doc_00033_chunk_000,doc_00033,NIST.CSWP.29.pdf,pdf,31.0,d:\Abhishek\Project\LangChain\cybersecurity-multi-doc-rag\data\raw\NIST.CSWP.29.pdf
doc_00033_chunk_001,doc_00033,NIST.CSWP.29.pdf,pdf,31.0,d:\Abhishek\Project\LangChain\cybersecurity-multi-doc-rag\data\raw\NIST.CSWP.29.pdf
doc_00033_chunk_002,doc_00033,NIST.CSWP.29.pdf,pdf,31.0,d:\Abhishek\Project\LangChain\cybersecurity-multi-doc-rag\data\raw\NIST.CSWP.29.pdf
doc_00033_chunk_003,doc_00033,NIST.CSWP.29.pdf,pdf,31.0,d:\Abhishek\Project\LangChain\cybersecurity-multi-doc-rag\data\raw\NIST.CSWP.29.pdf
doc_00034_chunk_000,doc_00034,nist.sp.800-61r2.pdf,pdf,0.0,d:\Abhishek\Project\LangChain\cybersecurity-multi-doc-rag\data\raw\nist.sp.800-61r2.pdf
doc_00034_chunk_001,doc_00034,nist.sp.800-61r2.pdf,pdf,0.0,d:\Abhishek\Project\LangChain\cybersecurity-multi-doc-rag\data\raw\nist.sp.800-61r2.pdf
doc_00034_chunk_002,doc_00034,nist.sp.800-61r2.pdf,pdf,0.0,d:\Abhishek\Project\LangChain\cybersecurity-multi-doc-rag\data\raw\nist.sp.800-61r2.pdf
doc_00034_chunk_003,doc_00034,nist.sp.800-61r2.pdf,pdf,0.0,d:\Abhishek\Project\LangChain\cybersecurity-multi-doc-rag\data\raw\nist.sp.800-61r2.pdf
doc_00035_chunk_000,doc_00035,nist.sp.800-61r2.pdf,pdf,1.0,d:\Abhishek\Project\LangChain\cybersecurity-multi-doc-rag\data\raw\nist.sp.800-61r2.pdf
doc_00036_chunk_000,doc_00036,nist.sp.800-61r2.pdf,pdf,2.0,d:\Abhishek\Project\LangChain\cybersecurity-multi-doc-rag\data\raw\nist.sp.800-61r2.pdf
doc_00036_chunk_001,doc_00036,nist.sp.800-61r2.pdf,pdf,2.0,d:\Abhishek\Project\LangChain\cybersecurity-multi-doc-rag\data\raw\nist.sp.800-61r2.pdf
doc_00037_chunk_000,doc_00037,nist.sp.800-61r2.pdf,pdf,3.0,d:\Abhishek\Project\LangChain\cybersecurity-multi-doc-rag\data\raw\nist.sp.800-61r2.pdf
doc_00037_chunk_001,doc_00037,nist.sp.800-61r2.pdf,pdf,3.0,d:\Abhishek\Project\LangChain\cybersecurity-multi-doc-rag\data\raw\nist.sp.800-61r2.pdf
doc_00037_chunk_002,doc_00037,nist.sp.800-61r2.pdf,pdf,3.0,d:\Abhishek\Project\LangChain\cybersecurity-multi-doc-rag\data\raw\nist.sp.800-61r2.pdf
doc_00038_chunk_000,doc_00038,nist.sp.800-61r2.pdf,pdf,4.0,d:\Abhishek\Project\LangChain\cybersecurity-multi-doc-rag\data\raw\nist.sp.800-61r2.pdf
doc_00038_chunk_001,doc_00038,nist.sp.800-61r2.pdf,pdf,4.0,d:\Abhishek\Project\LangChain\cybersecurity-multi-doc-rag\data\raw\nist.sp.800-61r2.pdf
doc_00038_chunk_002,doc_00038,nist.sp.800-61r2.pdf,pdf,4.0,d:\Abhishek\Project\LangChain\cybersecurity-multi-doc-rag\data\raw\nist.sp.800-61r2.pdf
doc_00038_chunk_003,doc_00038,nist.sp.800-61r2.pdf,pdf,4.0,d:\Abhishek\Project\LangChain\cybersecurity-multi-doc-rag\data\raw\nist.sp.800-61r2.pdf
doc_00038_chunk_004,doc_00038,nist.sp.800-61r2.pdf,pdf,4.0,d:\Abhishek\Project\LangChain\cybersecurity-multi-doc-rag\data\raw\nist.sp.800-61r2.pdf
doc_00038_chunk_005,doc_00038,nist.sp.800-61r2.pdf,pdf,4.0,d:\Abhishek\Project\LangChain\cybersecurity-multi-doc-rag\data\raw\nist.sp.800-61r2.pdf
doc_00039_chunk_000,doc_00039,nist.sp.800-61r2.pdf,pdf,5.0,d:\Abhishek\Project\LangChain\cybersecurity-multi-doc-rag\data\raw\nist.sp.800-61r2.pdf
doc_00039_chunk_001,doc_00039,nist.sp.800-61r2.pdf,pdf,5.0,d:\Abhishek\Project\LangChain\cybersecurity-multi-doc-rag\data\raw\nist.sp.800-61r2.pdf
doc_00040_chunk_000,doc_00040,nist.sp.800-61r2.pdf,pdf,6.0,d:\Abhishek\Project\LangChain\cybersecurity-multi-doc-rag\data\raw\nist.sp.800-61r2.pdf
doc_00040_chunk_001,doc_00040,nist.sp.800-61r2.pdf,pdf,6.0,d:\Abhishek\Project\LangChain\cybersecurity-multi-doc-rag\data\raw\nist.sp.800-61r2.pdf
doc_00040_chunk_002,doc_00040,nist.sp.800-61r2.pdf,pdf,6.0,d:\Abhishek\Project\LangChain\cybersecurity-multi-doc-rag\data\raw\nist.sp.800-61r2.pdf
doc_00040_chunk_003,doc_00040,nist.sp.800-61r2.pdf,pdf,6.0,d:\Abhishek\Project\LangChain\cybersecurity-multi-doc-rag\data\raw\nist.sp.800-61r2.pdf
doc_00040_chunk_004,doc_00040,nist.sp.800-61r2.pdf,pdf,6.0,d:\Abhishek\Project\LangChain\cybersecurity-multi-doc-rag\data\raw\nist.sp.800-61r2.pdf
doc_00041_chunk_000,doc_00041,nist.sp.800-61r2.pdf,pdf,7.0,d:\Abhishek\Project\LangChain\cybersecurity-multi-doc-rag\data\raw\nist.sp.800-61r2.pdf
doc_00041_chunk_001,doc_00041,nist.sp.800-61r2.pdf,pdf,7.0,d:\Abhishek\Project\LangChain\cybersecurity-multi-doc-rag\data\raw\nist.sp.800-61r2.pdf
doc_00041_chunk_002,doc_00041,nist.sp.800-61r2.pdf,pdf,7.0,d:\Abhishek\Project\LangChain\cybersecurity-multi-doc-rag\data\raw\nist.sp.800-61r2.pdf
doc_00041_chunk_003,doc_00041,nist.sp.800-61r2.pdf,pdf,7.0,d:\Abhishek\Project\LangChain\cybersecurity-multi-doc-rag\data\raw\nist.sp.800-61r2.pdf
doc_00041_chunk_004,doc_00041,nist.sp.800-61r2.pdf,pdf,7.0,d:\Abhishek\Project\LangChain\cybersecurity-multi-doc-rag\data\raw\nist.sp.800-61r2.pdf
doc_00041_chunk_005,doc_00041,nist.sp.800-61r2.pdf,pdf,7.0,d:\Abhishek\Project\LangChain\cybersecurity-multi-doc-rag\data\raw\nist.sp.800-61r2.pdf
doc_00041_chunk_006,doc_00041,nist.sp.800-61r2.pdf,pdf,7.0,d:\Abhishek\Project\LangChain\cybersecurity-multi-doc-rag\data\raw\nist.sp.800-61r2.pdf
doc_00041_chunk_007,doc_00041,nist.sp.800-61r2.pdf,pdf,7.0,d:\Abhishek\Project\LangChain\cybersecurity-multi-doc-rag\data\raw\nist.sp.800-61r2.pdf
doc_00042_chunk_000,doc_00042,nist.sp.800-61r2.pdf,pdf,8.0,d:\Abhishek\Project\LangChain\cybersecurity-multi-doc-rag\data\raw\nist.sp.800-61r2.pdf
doc_00042_chunk_001,doc_00042,nist.sp.800-61r2.pdf,pdf,8.0,d:\Abhishek\Project\LangChain\cybersecurity-multi-doc-rag\data\raw\nist.sp.800-61r2.pdf
doc_00042_chunk_002,doc_00042,nist.sp.800-61r2.pdf,pdf,8.0,d:\Abhishek\Project\LangChain\cybersecurity-multi-doc-rag\data\raw\nist.sp.800-61r2.pdf
doc_00042_chunk_003,doc_00042,nist.sp.800-61r2.pdf,pdf,8.0,d:\Abhishek\Project\LangChain\cybersecurity-multi-doc-rag\data\raw\nist.sp.800-61r2.pdf
doc_00042_chunk_004,doc_00042,nist.sp.800-61r2.pdf,pdf,8.0,d:\Abhishek\Project\LangChain\cybersecurity-multi-doc-rag\data\raw\nist.sp.800-61r2.pdf
doc_00042_chunk_005,doc_00042,nist.sp.800-61r2.pdf,pdf,8.0,d:\Abhishek\Project\LangChain\cybersecurity-multi-doc-rag\data\raw\nist.sp.800-61r2.pdf
doc_00043_chunk_000,doc_00043,nist.sp.800-61r2.pdf,pdf,9.0,d:\Abhishek\Project\LangChain\cybersecurity-multi-doc-rag\data\raw\nist.sp.800-61r2.pdf
doc_00043_chunk_001,doc_00043,nist.sp.800-61r2.pdf,pdf,9.0,d:\Abhishek\Project\LangChain\cybersecurity-multi-doc-rag\data\raw\nist.sp.800-61r2.pdf
doc_00044_chunk_000,doc_00044,nist.sp.800-61r2.pdf,pdf,10.0,d:\Abhishek\Project\LangChain\cybersecurity-multi-doc-rag\data\raw\nist.sp.800-61r2.pdf
doc_00044_chunk_001,doc_00044,nist.sp.800-61r2.pdf,pdf,10.0,d:\Abhishek\Project\LangChain\cybersecurity-multi-doc-rag\data\raw\nist.sp.800-61r2.pdf
doc_00044_chunk_002,doc_00044,nist.sp.800-61r2.pdf,pdf,10.0,d:\Abhishek\Project\LangChain\cybersecurity-multi-doc-rag\data\raw\nist.sp.800-61r2.pdf
doc_00044_chunk_003,doc_00044,nist.sp.800-61r2.pdf,pdf,10.0,d:\Abhishek\Project\LangChain\cybersecurity-multi-doc-rag\data\raw\nist.sp.800-61r2.pdf
doc_00044_chunk_004,doc_00044,nist.sp.800-61r2.pdf,pdf,10.0,d:\Abhishek\Project\LangChain\cybersecurity-multi-doc-rag\data\raw\nist.sp.800-61r2.pdf
doc_00044_chunk_005,doc_00044,nist.sp.800-61r2.pdf,pdf,10.0,d:\Abhishek\Project\LangChain\cybersecurity-multi-doc-rag\data\raw\nist.sp.800-61r2.pdf
doc_00045_chunk_000,doc_00045,nist.sp.800-61r2.pdf,pdf,11.0,d:\Abhishek\Project\LangChain\cybersecurity-multi-doc-rag\data\raw\nist.sp.800-61r2.pdf
doc_00045_chunk_001,doc_00045,nist.sp.800-61r2.pdf,pdf,11.0,d:\Abhishek\Project\LangChain\cybersecurity-multi-doc-rag\data\raw\nist.sp.800-61r2.pdf
doc_00045_chunk_002,doc_00045,nist.sp.800-61r2.pdf,pdf,11.0,d:\Abhishek\Project\LangChain\cybersecurity-multi-doc-rag\data\raw\nist.sp.800-61r2.pdf
doc_00045_chunk_003,doc_00045,nist.sp.800-61r2.pdf,pdf,11.0,d:\Abhishek\Project\LangChain\cybersecurity-multi-doc-rag\data\raw\nist.sp.800-61r2.pdf
doc_00045_chunk_004,doc_00045,nist.sp.800-61r2.pdf,pdf,11.0,d:\Abhishek\Project\LangChain\cybersecurity-multi-doc-rag\data\raw\nist.sp.800-61r2.pdf
doc_00046_chunk_000,doc_00046,nist.sp.800-61r2.pdf,pdf,12.0,d:\Abhishek\Project\LangChain\cybersecurity-multi-doc-rag\data\raw\nist.sp.800-61r2.pdf
doc_00046_chunk_001,doc_00046,nist.sp.800-61r2.pdf,pdf,12.0,d:\Abhishek\Project\LangChain\cybersecurity-multi-doc-rag\data\raw\nist.sp.800-61r2.pdf
doc_00046_chunk_002,doc_00046,nist.sp.800-61r2.pdf,pdf,12.0,d:\Abhishek\Project\LangChain\cybersecurity-multi-doc-rag\data\raw\nist.sp.800-61r2.pdf
doc_00046_chunk_003,doc_00046,nist.sp.800-61r2.pdf,pdf,12.0,d:\Abhishek\Project\LangChain\cybersecurity-multi-doc-rag\data\raw\nist.sp.800-61r2.pdf
doc_00047_chunk_000,doc_00047,nist.sp.800-61r2.pdf,pdf,13.0,d:\Abhishek\Project\LangChain\cybersecurity-multi-doc-rag\data\raw\nist.sp.800-61r2.pdf
doc_00047_chunk_001,doc_00047,nist.sp.800-61r2.pdf,pdf,13.0,d:\Abhishek\Project\LangChain\cybersecurity-multi-doc-rag\data\raw\nist.sp.800-61r2.pdf
doc_00047_chunk_002,doc_00047,nist.sp.800-61r2.pdf,pdf,13.0,d:\Abhishek\Project\LangChain\cybersecurity-multi-doc-rag\data\raw\nist.sp.800-61r2.pdf
doc_00047_chunk_003,doc_00047,nist.sp.800-61r2.pdf,pdf,13.0,d:\Abhishek\Project\LangChain\cybersecurity-multi-doc-rag\data\raw\nist.sp.800-61r2.pdf
doc_00047_chunk_004,doc_00047,nist.sp.800-61r2.pdf,pdf,13.0,d:\Abhishek\Project\LangChain\cybersecurity-multi-doc-rag\data\raw\nist.sp.800-61r2.pdf
doc_00048_chunk_000,doc_00048,nist.sp.800-61r2.pdf,pdf,14.0,d:\Abhishek\Project\LangChain\cybersecurity-multi-doc-rag\data\raw\nist.sp.800-61r2.pdf
doc_00049_chunk_000,doc_00049,nist.sp.800-61r2.pdf,pdf,15.0,d:\Abhishek\Project\LangChain\cybersecurity-multi-doc-rag\data\raw\nist.sp.800-61r2.pdf
doc_00049_chunk_001,doc_00049,nist.sp.800-61r2.pdf,pdf,15.0,d:\Abhishek\Project\LangChain\cybersecurity-multi-doc-rag\data\raw\nist.sp.800-61r2.pdf
doc_00049_chunk_002,doc_00049,nist.sp.800-61r2.pdf,pdf,15.0,d:\Abhishek\Project\LangChain\cybersecurity-multi-doc-rag\data\raw\nist.sp.800-61r2.pdf
doc_00049_chunk_003,doc_00049,nist.sp.800-61r2.pdf,pdf,15.0,d:\Abhishek\Project\LangChain\cybersecurity-multi-doc-rag\data\raw\nist.sp.800-61r2.pdf
doc_00049_chunk_004,doc_00049,nist.sp.800-61r2.pdf,pdf,15.0,d:\Abhishek\Project\LangChain\cybersecurity-multi-doc-rag\data\raw\nist.sp.800-61r2.pdf
doc_00049_chunk_005,doc_00049,nist.sp.800-61r2.pdf,pdf,15.0,d:\Abhishek\Project\LangChain\cybersecurity-multi-doc-rag\data\raw\nist.sp.800-61r2.pdf
doc_00050_chunk_000,doc_00050,nist.sp.800-61r2.pdf,pdf,16.0,d:\Abhishek\Project\LangChain\cybersecurity-multi-doc-rag\data\raw\nist.sp.800-61r2.pdf
doc_00050_chunk_001,doc_00050,nist.sp.800-61r2.pdf,pdf,16.0,d:\Abhishek\Project\LangChain\cybersecurity-multi-doc-rag\data\raw\nist.sp.800-61r2.pdf
doc_00050_chunk_002,doc_00050,nist.sp.800-61r2.pdf,pdf,16.0,d:\Abhishek\Project\LangChain\cybersecurity-multi-doc-rag\data\raw\nist.sp.800-61r2.pdf
doc_00050_chunk_003,doc_00050,nist.sp.800-61r2.pdf,pdf,16.0,d:\Abhishek\Project\LangChain\cybersecurity-multi-doc-rag\data\raw\nist.sp.800-61r2.pdf
doc_00050_chunk_004,doc_00050,nist.sp.800-61r2.pdf,pdf,16.0,d:\Abhishek\Project\LangChain\cybersecurity-multi-doc-rag\data\raw\nist.sp.800-61r2.pdf
doc_00051_chunk_000,doc_00051,nist.sp.800-61r2.pdf,pdf,17.0,d:\Abhishek\Project\LangChain\cybersecurity-multi-doc-rag\data\raw\nist.sp.800-61r2.pdf
doc_00051_chunk_001,doc_00051,nist.sp.800-61r2.pdf,pdf,17.0,d:\Abhishek\Project\LangChain\cybersecurity-multi-doc-rag\data\raw\nist.sp.800-61r2.pdf
doc_00051_chunk_002,doc_00051,nist.sp.800-61r2.pdf,pdf,17.0,d:\Abhishek\Project\LangChain\cybersecurity-multi-doc-rag\data\raw\nist.sp.800-61r2.pdf
doc_00051_chunk_003,doc_00051,nist.sp.800-61r2.pdf,pdf,17.0,d:\Abhishek\Project\LangChain\cybersecurity-multi-doc-rag\data\raw\nist.sp.800-61r2.pdf
doc_00052_chunk_000,doc_00052,nist.sp.800-61r2.pdf,pdf,18.0,d:\Abhishek\Project\LangChain\cybersecurity-multi-doc-rag\data\raw\nist.sp.800-61r2.pdf
doc_00052_chunk_001,doc_00052,nist.sp.800-61r2.pdf,pdf,18.0,d:\Abhishek\Project\LangChain\cybersecurity-multi-doc-rag\data\raw\nist.sp.800-61r2.pdf
doc_00052_chunk_002,doc_00052,nist.sp.800-61r2.pdf,pdf,18.0,d:\Abhishek\Project\LangChain\cybersecurity-multi-doc-rag\data\raw\nist.sp.800-61r2.pdf
doc_00053_chunk_000,doc_00053,nist.sp.800-61r2.pdf,pdf,19.0,d:\Abhishek\Project\LangChain\cybersecurity-multi-doc-rag\data\raw\nist.sp.800-61r2.pdf
doc_00053_chunk_001,doc_00053,nist.sp.800-61r2.pdf,pdf,19.0,d:\Abhishek\Project\LangChain\cybersecurity-multi-doc-rag\data\raw\nist.sp.800-61r2.pdf
doc_00053_chunk_002,doc_00053,nist.sp.800-61r2.pdf,pdf,19.0,d:\Abhishek\Project\LangChain\cybersecurity-multi-doc-rag\data\raw\nist.sp.800-61r2.pdf
doc_00053_chunk_003,doc_00053,nist.sp.800-61r2.pdf,pdf,19.0,d:\Abhishek\Project\LangChain\cybersecurity-multi-doc-rag\data\raw\nist.sp.800-61r2.pdf
doc_00054_chunk_000,doc_00054,nist.sp.800-61r2.pdf,pdf,20.0,d:\Abhishek\Project\LangChain\cybersecurity-multi-doc-rag\data\raw\nist.sp.800-61r2.pdf
doc_00054_chunk_001,doc_00054,nist.sp.800-61r2.pdf,pdf,20.0,d:\Abhishek\Project\LangChain\cybersecurity-multi-doc-rag\data\raw\nist.sp.800-61r2.pdf
doc_00054_chunk_002,doc_00054,nist.sp.800-61r2.pdf,pdf,20.0,d:\Abhishek\Project\LangChain\cybersecurity-multi-doc-rag\data\raw\nist.sp.800-61r2.pdf
doc_00054_chunk_003,doc_00054,nist.sp.800-61r2.pdf,pdf,20.0,d:\Abhishek\Project\LangChain\cybersecurity-multi-doc-rag\data\raw\nist.sp.800-61r2.pdf
doc_00054_chunk_004,doc_00054,nist.sp.800-61r2.pdf,pdf,20.0,d:\Abhishek\Project\LangChain\cybersecurity-multi-doc-rag\data\raw\nist.sp.800-61r2.pdf
doc_00054_chunk_005,doc_00054,nist.sp.800-61r2.pdf,pdf,20.0,d:\Abhishek\Project\LangChain\cybersecurity-multi-doc-rag\data\raw\nist.sp.800-61r2.pdf
doc_00055_chunk_000,doc_00055,nist.sp.800-61r2.pdf,pdf,21.0,d:\Abhishek\Project\LangChain\cybersecurity-multi-doc-rag\data\raw\nist.sp.800-61r2.pdf
doc_00055_chunk_001,doc_00055,nist.sp.800-61r2.pdf,pdf,21.0,d:\Abhishek\Project\LangChain\cybersecurity-multi-doc-rag\data\raw\nist.sp.800-61r2.pdf
doc_00055_chunk_002,doc_00055,nist.sp.800-61r2.pdf,pdf,21.0,d:\Abhishek\Project\LangChain\cybersecurity-multi-doc-rag\data\raw\nist.sp.800-61r2.pdf
doc_00055_chunk_003,doc_00055,nist.sp.800-61r2.pdf,pdf,21.0,d:\Abhishek\Project\LangChain\cybersecurity-multi-doc-rag\data\raw\nist.sp.800-61r2.pdf
doc_00055_chunk_004,doc_00055,nist.sp.800-61r2.pdf,pdf,21.0,d:\Abhishek\Project\LangChain\cybersecurity-multi-doc-rag\data\raw\nist.sp.800-61r2.pdf
doc_00055_chunk_005,doc_00055,nist.sp.800-61r2.pdf,pdf,21.0,d:\Abhishek\Project\LangChain\cybersecurity-multi-doc-rag\data\raw\nist.sp.800-61r2.pdf
doc_00055_chunk_006,doc_00055,nist.sp.800-61r2.pdf,pdf,21.0,d:\Abhishek\Project\LangChain\cybersecurity-multi-doc-rag\data\raw\nist.sp.800-61r2.pdf
doc_00056_chunk_000,doc_00056,nist.sp.800-61r2.pdf,pdf,22.0,d:\Abhishek\Project\LangChain\cybersecurity-multi-doc-rag\data\raw\nist.sp.800-61r2.pdf
doc_00056_chunk_001,doc_00056,nist.sp.800-61r2.pdf,pdf,22.0,d:\Abhishek\Project\LangChain\cybersecurity-multi-doc-rag\data\raw\nist.sp.800-61r2.pdf
doc_00056_chunk_002,doc_00056,nist.sp.800-61r2.pdf,pdf,22.0,d:\Abhishek\Project\LangChain\cybersecurity-multi-doc-rag\data\raw\nist.sp.800-61r2.pdf
doc_00056_chunk_003,doc_00056,nist.sp.800-61r2.pdf,pdf,22.0,d:\Abhishek\Project\LangChain\cybersecurity-multi-doc-rag\data\raw\nist.sp.800-61r2.pdf
doc_00056_chunk_004,doc_00056,nist.sp.800-61r2.pdf,pdf,22.0,d:\Abhishek\Project\LangChain\cybersecurity-multi-doc-rag\data\raw\nist.sp.800-61r2.pdf
doc_00056_chunk_005,doc_00056,nist.sp.800-61r2.pdf,pdf,22.0,d:\Abhishek\Project\LangChain\cybersecurity-multi-doc-rag\data\raw\nist.sp.800-61r2.pdf
doc_00057_chunk_000,doc_00057,nist.sp.800-61r2.pdf,pdf,23.0,d:\Abhishek\Project\LangChain\cybersecurity-multi-doc-rag\data\raw\nist.sp.800-61r2.pdf
doc_00057_chunk_001,doc_00057,nist.sp.800-61r2.pdf,pdf,23.0,d:\Abhishek\Project\LangChain\cybersecurity-multi-doc-rag\data\raw\nist.sp.800-61r2.pdf
doc_00057_chunk_002,doc_00057,nist.sp.800-61r2.pdf,pdf,23.0,d:\Abhishek\Project\LangChain\cybersecurity-multi-doc-rag\data\raw\nist.sp.800-61r2.pdf
doc_00057_chunk_003,doc_00057,nist.sp.800-61r2.pdf,pdf,23.0,d:\Abhishek\Project\LangChain\cybersecurity-multi-doc-rag\data\raw\nist.sp.800-61r2.pdf
doc_00057_chunk_004,doc_00057,nist.sp.800-61r2.pdf,pdf,23.0,d:\Abhishek\Project\LangChain\cybersecurity-multi-doc-rag\data\raw\nist.sp.800-61r2.pdf
doc_00057_chunk_005,doc_00057,nist.sp.800-61r2.pdf,pdf,23.0,d:\Abhishek\Project\LangChain\cybersecurity-multi-doc-rag\data\raw\nist.sp.800-61r2.pdf
doc_00058_chunk_000,doc_00058,nist.sp.800-61r2.pdf,pdf,24.0,d:\Abhishek\Project\LangChain\cybersecurity-multi-doc-rag\data\raw\nist.sp.800-61r2.pdf
doc_00058_chunk_001,doc_00058,nist.sp.800-61r2.pdf,pdf,24.0,d:\Abhishek\Project\LangChain\cybersecurity-multi-doc-rag\data\raw\nist.sp.800-61r2.pdf
doc_00058_chunk_002,doc_00058,nist.sp.800-61r2.pdf,pdf,24.0,d:\Abhishek\Project\LangChain\cybersecurity-multi-doc-rag\data\raw\nist.sp.800-61r2.pdf
doc_00058_chunk_003,doc_00058,nist.sp.800-61r2.pdf,pdf,24.0,d:\Abhishek\Project\LangChain\cybersecurity-multi-doc-rag\data\raw\nist.sp.800-61r2.pdf
doc_00058_chunk_004,doc_00058,nist.sp.800-61r2.pdf,pdf,24.0,d:\Abhishek\Project\LangChain\cybersecurity-multi-doc-rag\data\raw\nist.sp.800-61r2.pdf
doc_00058_chunk_005,doc_00058,nist.sp.800-61r2.pdf,pdf,24.0,d:\Abhishek\Project\LangChain\cybersecurity-multi-doc-rag\data\raw\nist.sp.800-61r2.pdf
doc_00058_chunk_006,doc_00058,nist.sp.800-61r2.pdf,pdf,24.0,d:\Abhishek\Project\LangChain\cybersecurity-multi-doc-rag\data\raw\nist.sp.800-61r2.pdf
doc_00059_chunk_000,doc_00059,nist.sp.800-61r2.pdf,pdf,25.0,d:\Abhishek\Project\LangChain\cybersecurity-multi-doc-rag\data\raw\nist.sp.800-61r2.pdf
doc_00059_chunk_001,doc_00059,nist.sp.800-61r2.pdf,pdf,25.0,d:\Abhishek\Project\LangChain\cybersecurity-multi-doc-rag\data\raw\nist.sp.800-61r2.pdf
doc_00059_chunk_002,doc_00059,nist.sp.800-61r2.pdf,pdf,25.0,d:\Abhishek\Project\LangChain\cybersecurity-multi-doc-rag\data\raw\nist.sp.800-61r2.pdf
doc_00059_chunk_003,doc_00059,nist.sp.800-61r2.pdf,pdf,25.0,d:\Abhishek\Project\LangChain\cybersecurity-multi-doc-rag\data\raw\nist.sp.800-61r2.pdf
doc_00059_chunk_004,doc_00059,nist.sp.800-61r2.pdf,pdf,25.0,d:\Abhishek\Project\LangChain\cybersecurity-multi-doc-rag\data\raw\nist.sp.800-61r2.pdf
doc_00059_chunk_005,doc_00059,nist.sp.800-61r2.pdf,pdf,25.0,d:\Abhishek\Project\LangChain\cybersecurity-multi-doc-rag\data\raw\nist.sp.800-61r2.pdf
doc_00059_chunk_006,doc_00059,nist.sp.800-61r2.pdf,pdf,25.0,d:\Abhishek\Project\LangChain\cybersecurity-multi-doc-rag\data\raw\nist.sp.800-61r2.pdf
doc_00060_chunk_000,doc_00060,nist.sp.800-61r2.pdf,pdf,26.0,d:\Abhishek\Project\LangChain\cybersecurity-multi-doc-rag\data\raw\nist.sp.800-61r2.pdf
doc_00060_chunk_001,doc_00060,nist.sp.800-61r2.pdf,pdf,26.0,d:\Abhishek\Project\LangChain\cybersecurity-multi-doc-rag\data\raw\nist.sp.800-61r2.pdf
doc_00060_chunk_002,doc_00060,nist.sp.800-61r2.pdf,pdf,26.0,d:\Abhishek\Project\LangChain\cybersecurity-multi-doc-rag\data\raw\nist.sp.800-61r2.pdf
doc_00060_chunk_003,doc_00060,nist.sp.800-61r2.pdf,pdf,26.0,d:\Abhishek\Project\LangChain\cybersecurity-multi-doc-rag\data\raw\nist.sp.800-61r2.pdf
doc_00060_chunk_004,doc_00060,nist.sp.800-61r2.pdf,pdf,26.0,d:\Abhishek\Project\LangChain\cybersecurity-multi-doc-rag\data\raw\nist.sp.800-61r2.pdf
doc_00061_chunk_000,doc_00061,nist.sp.800-61r2.pdf,pdf,27.0,d:\Abhishek\Project\LangChain\cybersecurity-multi-doc-rag\data\raw\nist.sp.800-61r2.pdf
doc_00061_chunk_001,doc_00061,nist.sp.800-61r2.pdf,pdf,27.0,d:\Abhishek\Project\LangChain\cybersecurity-multi-doc-rag\data\raw\nist.sp.800-61r2.pdf
doc_00061_chunk_002,doc_00061,nist.sp.800-61r2.pdf,pdf,27.0,d:\Abhishek\Project\LangChain\cybersecurity-multi-doc-rag\data\raw\nist.sp.800-61r2.pdf
doc_00061_chunk_003,doc_00061,nist.sp.800-61r2.pdf,pdf,27.0,d:\Abhishek\Project\LangChain\cybersecurity-multi-doc-rag\data\raw\nist.sp.800-61r2.pdf
doc_00061_chunk_004,doc_00061,nist.sp.800-61r2.pdf,pdf,27.0,d:\Abhishek\Project\LangChain\cybersecurity-multi-doc-rag\data\raw\nist.sp.800-61r2.pdf
doc_00061_chunk_005,doc_00061,nist.sp.800-61r2.pdf,pdf,27.0,d:\Abhishek\Project\LangChain\cybersecurity-multi-doc-rag\data\raw\nist.sp.800-61r2.pdf
doc_00062_chunk_000,doc_00062,nist.sp.800-61r2.pdf,pdf,28.0,d:\Abhishek\Project\LangChain\cybersecurity-multi-doc-rag\data\raw\nist.sp.800-61r2.pdf
doc_00062_chunk_001,doc_00062,nist.sp.800-61r2.pdf,pdf,28.0,d:\Abhishek\Project\LangChain\cybersecurity-multi-doc-rag\data\raw\nist.sp.800-61r2.pdf
doc_00062_chunk_002,doc_00062,nist.sp.800-61r2.pdf,pdf,28.0,d:\Abhishek\Project\LangChain\cybersecurity-multi-doc-rag\data\raw\nist.sp.800-61r2.pdf
doc_00062_chunk_003,doc_00062,nist.sp.800-61r2.pdf,pdf,28.0,d:\Abhishek\Project\LangChain\cybersecurity-multi-doc-rag\data\raw\nist.sp.800-61r2.pdf
doc_00062_chunk_004,doc_00062,nist.sp.800-61r2.pdf,pdf,28.0,d:\Abhishek\Project\LangChain\cybersecurity-multi-doc-rag\data\raw\nist.sp.800-61r2.pdf
doc_00062_chunk_005,doc_00062,nist.sp.800-61r2.pdf,pdf,28.0,d:\Abhishek\Project\LangChain\cybersecurity-multi-doc-rag\data\raw\nist.sp.800-61r2.pdf
doc_00063_chunk_000,doc_00063,nist.sp.800-61r2.pdf,pdf,29.0,d:\Abhishek\Project\LangChain\cybersecurity-multi-doc-rag\data\raw\nist.sp.800-61r2.pdf
doc_00064_chunk_000,doc_00064,nist.sp.800-61r2.pdf,pdf,30.0,d:\Abhishek\Project\LangChain\cybersecurity-multi-doc-rag\data\raw\nist.sp.800-61r2.pdf
doc_00064_chunk_001,doc_00064,nist.sp.800-61r2.pdf,pdf,30.0,d:\Abhishek\Project\LangChain\cybersecurity-multi-doc-rag\data\raw\nist.sp.800-61r2.pdf
doc_00064_chunk_002,doc_00064,nist.sp.800-61r2.pdf,pdf,30.0,d:\Abhishek\Project\LangChain\cybersecurity-multi-doc-rag\data\raw\nist.sp.800-61r2.pdf
doc_00064_chunk_003,doc_00064,nist.sp.800-61r2.pdf,pdf,30.0,d:\Abhishek\Project\LangChain\cybersecurity-multi-doc-rag\data\raw\nist.sp.800-61r2.pdf
doc_00065_chunk_000,doc_00065,nist.sp.800-61r2.pdf,pdf,31.0,d:\Abhishek\Project\LangChain\cybersecurity-multi-doc-rag\data\raw\nist.sp.800-61r2.pdf
doc_00065_chunk_001,doc_00065,nist.sp.800-61r2.pdf,pdf,31.0,d:\Abhishek\Project\LangChain\cybersecurity-multi-doc-rag\data\raw\nist.sp.800-61r2.pdf
doc_00065_chunk_002,doc_00065,nist.sp.800-61r2.pdf,pdf,31.0,d:\Abhishek\Project\LangChain\cybersecurity-multi-doc-rag\data\raw\nist.sp.800-61r2.pdf
doc_00065_chunk_003,doc_00065,nist.sp.800-61r2.pdf,pdf,31.0,d:\Abhishek\Project\LangChain\cybersecurity-multi-doc-rag\data\raw\nist.sp.800-61r2.pdf
doc_00065_chunk_004,doc_00065,nist.sp.800-61r2.pdf,pdf,31.0,d:\Abhishek\Project\LangChain\cybersecurity-multi-doc-rag\data\raw\nist.sp.800-61r2.pdf
doc_00066_chunk_000,doc_00066,nist.sp.800-61r2.pdf,pdf,32.0,d:\Abhishek\Project\LangChain\cybersecurity-multi-doc-rag\data\raw\nist.sp.800-61r2.pdf
doc_00066_chunk_001,doc_00066,nist.sp.800-61r2.pdf,pdf,32.0,d:\Abhishek\Project\LangChain\cybersecurity-multi-doc-rag\data\raw\nist.sp.800-61r2.pdf
doc_00066_chunk_002,doc_00066,nist.sp.800-61r2.pdf,pdf,32.0,d:\Abhishek\Project\LangChain\cybersecurity-multi-doc-rag\data\raw\nist.sp.800-61r2.pdf
doc_00066_chunk_003,doc_00066,nist.sp.800-61r2.pdf,pdf,32.0,d:\Abhishek\Project\LangChain\cybersecurity-multi-doc-rag\data\raw\nist.sp.800-61r2.pdf
doc_00066_chunk_004,doc_00066,nist.sp.800-61r2.pdf,pdf,32.0,d:\Abhishek\Project\LangChain\cybersecurity-multi-doc-rag\data\raw\nist.sp.800-61r2.pdf
doc_00066_chunk_005,doc_00066,nist.sp.800-61r2.pdf,pdf,32.0,d:\Abhishek\Project\LangChain\cybersecurity-multi-doc-rag\data\raw\nist.sp.800-61r2.pdf
doc_00066_chunk_006,doc_00066,nist.sp.800-61r2.pdf,pdf,32.0,d:\Abhishek\Project\LangChain\cybersecurity-multi-doc-rag\data\raw\nist.sp.800-61r2.pdf
doc_00067_chunk_000,doc_00067,nist.sp.800-61r2.pdf,pdf,33.0,d:\Abhishek\Project\LangChain\cybersecurity-multi-doc-rag\data\raw\nist.sp.800-61r2.pdf
doc_00067_chunk_001,doc_00067,nist.sp.800-61r2.pdf,pdf,33.0,d:\Abhishek\Project\LangChain\cybersecurity-multi-doc-rag\data\raw\nist.sp.800-61r2.pdf
doc_00067_chunk_002,doc_00067,nist.sp.800-61r2.pdf,pdf,33.0,d:\Abhishek\Project\LangChain\cybersecurity-multi-doc-rag\data\raw\nist.sp.800-61r2.pdf
doc_00067_chunk_003,doc_00067,nist.sp.800-61r2.pdf,pdf,33.0,d:\Abhishek\Project\LangChain\cybersecurity-multi-doc-rag\data\raw\nist.sp.800-61r2.pdf
doc_00067_chunk_004,doc_00067,nist.sp.800-61r2.pdf,pdf,33.0,d:\Abhishek\Project\LangChain\cybersecurity-multi-doc-rag\data\raw\nist.sp.800-61r2.pdf
doc_00067_chunk_005,doc_00067,nist.sp.800-61r2.pdf,pdf,33.0,d:\Abhishek\Project\LangChain\cybersecurity-multi-doc-rag\data\raw\nist.sp.800-61r2.pdf
doc_00068_chunk_000,doc_00068,nist.sp.800-61r2.pdf,pdf,34.0,d:\Abhishek\Project\LangChain\cybersecurity-multi-doc-rag\data\raw\nist.sp.800-61r2.pdf
doc_00068_chunk_001,doc_00068,nist.sp.800-61r2.pdf,pdf,34.0,d:\Abhishek\Project\LangChain\cybersecurity-multi-doc-rag\data\raw\nist.sp.800-61r2.pdf
doc_00068_chunk_002,doc_00068,nist.sp.800-61r2.pdf,pdf,34.0,d:\Abhishek\Project\LangChain\cybersecurity-multi-doc-rag\data\raw\nist.sp.800-61r2.pdf
doc_00068_chunk_003,doc_00068,nist.sp.800-61r2.pdf,pdf,34.0,d:\Abhishek\Project\LangChain\cybersecurity-multi-doc-rag\data\raw\nist.sp.800-61r2.pdf
doc_00069_chunk_000,doc_00069,nist.sp.800-61r2.pdf,pdf,35.0,d:\Abhishek\Project\LangChain\cybersecurity-multi-doc-rag\data\raw\nist.sp.800-61r2.pdf
doc_00069_chunk_001,doc_00069,nist.sp.800-61r2.pdf,pdf,35.0,d:\Abhishek\Project\LangChain\cybersecurity-multi-doc-rag\data\raw\nist.sp.800-61r2.pdf
doc_00069_chunk_002,doc_00069,nist.sp.800-61r2.pdf,pdf,35.0,d:\Abhishek\Project\LangChain\cybersecurity-multi-doc-rag\data\raw\nist.sp.800-61r2.pdf
doc_00069_chunk_003,doc_00069,nist.sp.800-61r2.pdf,pdf,35.0,d:\Abhishek\Project\LangChain\cybersecurity-multi-doc-rag\data\raw\nist.sp.800-61r2.pdf
doc_00069_chunk_004,doc_00069,nist.sp.800-61r2.pdf,pdf,35.0,d:\Abhishek\Project\LangChain\cybersecurity-multi-doc-rag\data\raw\nist.sp.800-61r2.pdf
doc_00070_chunk_000,doc_00070,nist.sp.800-61r2.pdf,pdf,36.0,d:\Abhishek\Project\LangChain\cybersecurity-multi-doc-rag\data\raw\nist.sp.800-61r2.pdf
doc_00070_chunk_001,doc_00070,nist.sp.800-61r2.pdf,pdf,36.0,d:\Abhishek\Project\LangChain\cybersecurity-multi-doc-rag\data\raw\nist.sp.800-61r2.pdf
doc_00070_chunk_002,doc_00070,nist.sp.800-61r2.pdf,pdf,36.0,d:\Abhishek\Project\LangChain\cybersecurity-multi-doc-rag\data\raw\nist.sp.800-61r2.pdf
doc_00070_chunk_003,doc_00070,nist.sp.800-61r2.pdf,pdf,36.0,d:\Abhishek\Project\LangChain\cybersecurity-multi-doc-rag\data\raw\nist.sp.800-61r2.pdf
doc_00070_chunk_004,doc_00070,nist.sp.800-61r2.pdf,pdf,36.0,d:\Abhishek\Project\LangChain\cybersecurity-multi-doc-rag\data\raw\nist.sp.800-61r2.pdf
doc_00070_chunk_005,doc_00070,nist.sp.800-61r2.pdf,pdf,36.0,d:\Abhishek\Project\LangChain\cybersecurity-multi-doc-rag\data\raw\nist.sp.800-61r2.pdf
doc_00070_chunk_006,doc_00070,nist.sp.800-61r2.pdf,pdf,36.0,d:\Abhishek\Project\LangChain\cybersecurity-multi-doc-rag\data\raw\nist.sp.800-61r2.pdf
doc_00071_chunk_000,doc_00071,nist.sp.800-61r2.pdf,pdf,37.0,d:\Abhishek\Project\LangChain\cybersecurity-multi-doc-rag\data\raw\nist.sp.800-61r2.pdf
doc_00071_chunk_001,doc_00071,nist.sp.800-61r2.pdf,pdf,37.0,d:\Abhishek\Project\LangChain\cybersecurity-multi-doc-rag\data\raw\nist.sp.800-61r2.pdf
doc_00071_chunk_002,doc_00071,nist.sp.800-61r2.pdf,pdf,37.0,d:\Abhishek\Project\LangChain\cybersecurity-multi-doc-rag\data\raw\nist.sp.800-61r2.pdf
doc_00071_chunk_003,doc_00071,nist.sp.800-61r2.pdf,pdf,37.0,d:\Abhishek\Project\LangChain\cybersecurity-multi-doc-rag\data\raw\nist.sp.800-61r2.pdf
doc_00071_chunk_004,doc_00071,nist.sp.800-61r2.pdf,pdf,37.0,d:\Abhishek\Project\LangChain\cybersecurity-multi-doc-rag\data\raw\nist.sp.800-61r2.pdf
doc_00071_chunk_005,doc_00071,nist.sp.800-61r2.pdf,pdf,37.0,d:\Abhishek\Project\LangChain\cybersecurity-multi-doc-rag\data\raw\nist.sp.800-61r2.pdf
doc_00071_chunk_006,doc_00071,nist.sp.800-61r2.pdf,pdf,37.0,d:\Abhishek\Project\LangChain\cybersecurity-multi-doc-rag\data\raw\nist.sp.800-61r2.pdf
doc_00071_chunk_007,doc_00071,nist.sp.800-61r2.pdf,pdf,37.0,d:\Abhishek\Project\LangChain\cybersecurity-multi-doc-rag\data\raw\nist.sp.800-61r2.pdf
doc_00072_chunk_000,doc_00072,nist.sp.800-61r2.pdf,pdf,38.0,d:\Abhishek\Project\LangChain\cybersecurity-multi-doc-rag\data\raw\nist.sp.800-61r2.pdf
doc_00072_chunk_001,doc_00072,nist.sp.800-61r2.pdf,pdf,38.0,d:\Abhishek\Project\LangChain\cybersecurity-multi-doc-rag\data\raw\nist.sp.800-61r2.pdf
doc_00072_chunk_002,doc_00072,nist.sp.800-61r2.pdf,pdf,38.0,d:\Abhishek\Project\LangChain\cybersecurity-multi-doc-rag\data\raw\nist.sp.800-61r2.pdf
doc_00072_chunk_003,doc_00072,nist.sp.800-61r2.pdf,pdf,38.0,d:\Abhishek\Project\LangChain\cybersecurity-multi-doc-rag\data\raw\nist.sp.800-61r2.pdf
doc_00072_chunk_004,doc_00072,nist.sp.800-61r2.pdf,pdf,38.0,d:\Abhishek\Project\LangChain\cybersecurity-multi-doc-rag\data\raw\nist.sp.800-61r2.pdf
doc_00072_chunk_005,doc_00072,nist.sp.800-61r2.pdf,pdf,38.0,d:\Abhishek\Project\LangChain\cybersecurity-multi-doc-rag\data\raw\nist.sp.800-61r2.pdf
doc_00072_chunk_006,doc_00072,nist.sp.800-61r2.pdf,pdf,38.0,d:\Abhishek\Project\LangChain\cybersecurity-multi-doc-rag\data\raw\nist.sp.800-61r2.pdf
doc_00073_chunk_000,doc_00073,nist.sp.800-61r2.pdf,pdf,39.0,d:\Abhishek\Project\LangChain\cybersecurity-multi-doc-rag\data\raw\nist.sp.800-61r2.pdf
doc_00073_chunk_001,doc_00073,nist.sp.800-61r2.pdf,pdf,39.0,d:\Abhishek\Project\LangChain\cybersecurity-multi-doc-rag\data\raw\nist.sp.800-61r2.pdf
doc_00073_chunk_002,doc_00073,nist.sp.800-61r2.pdf,pdf,39.0,d:\Abhishek\Project\LangChain\cybersecurity-multi-doc-rag\data\raw\nist.sp.800-61r2.pdf
doc_00073_chunk_003,doc_00073,nist.sp.800-61r2.pdf,pdf,39.0,d:\Abhishek\Project\LangChain\cybersecurity-multi-doc-rag\data\raw\nist.sp.800-61r2.pdf
doc_00073_chunk_004,doc_00073,nist.sp.800-61r2.pdf,pdf,39.0,d:\Abhishek\Project\LangChain\cybersecurity-multi-doc-rag\data\raw\nist.sp.800-61r2.pdf
doc_00073_chunk_005,doc_00073,nist.sp.800-61r2.pdf,pdf,39.0,d:\Abhishek\Project\LangChain\cybersecurity-multi-doc-rag\data\raw\nist.sp.800-61r2.pdf
doc_00073_chunk_006,doc_00073,nist.sp.800-61r2.pdf,pdf,39.0,d:\Abhishek\Project\LangChain\cybersecurity-multi-doc-rag\data\raw\nist.sp.800-61r2.pdf
doc_00074_chunk_000,doc_00074,nist.sp.800-61r2.pdf,pdf,40.0,d:\Abhishek\Project\LangChain\cybersecurity-multi-doc-rag\data\raw\nist.sp.800-61r2.pdf
doc_00074_chunk_001,doc_00074,nist.sp.800-61r2.pdf,pdf,40.0,d:\Abhishek\Project\LangChain\cybersecurity-multi-doc-rag\data\raw\nist.sp.800-61r2.pdf
doc_00074_chunk_002,doc_00074,nist.sp.800-61r2.pdf,pdf,40.0,d:\Abhishek\Project\LangChain\cybersecurity-multi-doc-rag\data\raw\nist.sp.800-61r2.pdf
doc_00074_chunk_003,doc_00074,nist.sp.800-61r2.pdf,pdf,40.0,d:\Abhishek\Project\LangChain\cybersecurity-multi-doc-rag\data\raw\nist.sp.800-61r2.pdf
doc_00074_chunk_004,doc_00074,nist.sp.800-61r2.pdf,pdf,40.0,d:\Abhishek\Project\LangChain\cybersecurity-multi-doc-rag\data\raw\nist.sp.800-61r2.pdf
doc_00074_chunk_005,doc_00074,nist.sp.800-61r2.pdf,pdf,40.0,d:\Abhishek\Project\LangChain\cybersecurity-multi-doc-rag\data\raw\nist.sp.800-61r2.pdf
doc_00075_chunk_000,doc_00075,nist.sp.800-61r2.pdf,pdf,41.0,d:\Abhishek\Project\LangChain\cybersecurity-multi-doc-rag\data\raw\nist.sp.800-61r2.pdf
doc_00075_chunk_001,doc_00075,nist.sp.800-61r2.pdf,pdf,41.0,d:\Abhishek\Project\LangChain\cybersecurity-multi-doc-rag\data\raw\nist.sp.800-61r2.pdf
doc_00075_chunk_002,doc_00075,nist.sp.800-61r2.pdf,pdf,41.0,d:\Abhishek\Project\LangChain\cybersecurity-multi-doc-rag\data\raw\nist.sp.800-61r2.pdf
doc_00075_chunk_003,doc_00075,nist.sp.800-61r2.pdf,pdf,41.0,d:\Abhishek\Project\LangChain\cybersecurity-multi-doc-rag\data\raw\nist.sp.800-61r2.pdf
doc_00075_chunk_004,doc_00075,nist.sp.800-61r2.pdf,pdf,41.0,d:\Abhishek\Project\LangChain\cybersecurity-multi-doc-rag\data\raw\nist.sp.800-61r2.pdf
doc_00075_chunk_005,doc_00075,nist.sp.800-61r2.pdf,pdf,41.0,d:\Abhishek\Project\LangChain\cybersecurity-multi-doc-rag\data\raw\nist.sp.800-61r2.pdf
doc_00075_chunk_006,doc_00075,nist.sp.800-61r2.pdf,pdf,41.0,d:\Abhishek\Project\LangChain\cybersecurity-multi-doc-rag\data\raw\nist.sp.800-61r2.pdf
doc_00076_chunk_000,doc_00076,nist.sp.800-61r2.pdf,pdf,42.0,d:\Abhishek\Project\LangChain\cybersecurity-multi-doc-rag\data\raw\nist.sp.800-61r2.pdf
doc_00076_chunk_001,doc_00076,nist.sp.800-61r2.pdf,pdf,42.0,d:\Abhishek\Project\LangChain\cybersecurity-multi-doc-rag\data\raw\nist.sp.800-61r2.pdf
doc_00076_chunk_002,doc_00076,nist.sp.800-61r2.pdf,pdf,42.0,d:\Abhishek\Project\LangChain\cybersecurity-multi-doc-rag\data\raw\nist.sp.800-61r2.pdf
doc_00076_chunk_003,doc_00076,nist.sp.800-61r2.pdf,pdf,42.0,d:\Abhishek\Project\LangChain\cybersecurity-multi-doc-rag\data\raw\nist.sp.800-61r2.pdf
doc_00076_chunk_004,doc_00076,nist.sp.800-61r2.pdf,pdf,42.0,d:\Abhishek\Project\LangChain\cybersecurity-multi-doc-rag\data\raw\nist.sp.800-61r2.pdf
doc_00076_chunk_005,doc_00076,nist.sp.800-61r2.pdf,pdf,42.0,d:\Abhishek\Project\LangChain\cybersecurity-multi-doc-rag\data\raw\nist.sp.800-61r2.pdf
doc_00077_chunk_000,doc_00077,nist.sp.800-61r2.pdf,pdf,43.0,d:\Abhishek\Project\LangChain\cybersecurity-multi-doc-rag\data\raw\nist.sp.800-61r2.pdf
doc_00077_chunk_001,doc_00077,nist.sp.800-61r2.pdf,pdf,43.0,d:\Abhishek\Project\LangChain\cybersecurity-multi-doc-rag\data\raw\nist.sp.800-61r2.pdf
doc_00077_chunk_002,doc_00077,nist.sp.800-61r2.pdf,pdf,43.0,d:\Abhishek\Project\LangChain\cybersecurity-multi-doc-rag\data\raw\nist.sp.800-61r2.pdf
doc_00078_chunk_000,doc_00078,nist.sp.800-61r2.pdf,pdf,44.0,d:\Abhishek\Project\LangChain\cybersecurity-multi-doc-rag\data\raw\nist.sp.800-61r2.pdf
doc_00078_chunk_001,doc_00078,nist.sp.800-61r2.pdf,pdf,44.0,d:\Abhishek\Project\LangChain\cybersecurity-multi-doc-rag\data\raw\nist.sp.800-61r2.pdf
doc_00078_chunk_002,doc_00078,nist.sp.800-61r2.pdf,pdf,44.0,d:\Abhishek\Project\LangChain\cybersecurity-multi-doc-rag\data\raw\nist.sp.800-61r2.pdf
doc_00078_chunk_003,doc_00078,nist.sp.800-61r2.pdf,pdf,44.0,d:\Abhishek\Project\LangChain\cybersecurity-multi-doc-rag\data\raw\nist.sp.800-61r2.pdf
doc_00079_chunk_000,doc_00079,nist.sp.800-61r2.pdf,pdf,45.0,d:\Abhishek\Project\LangChain\cybersecurity-multi-doc-rag\data\raw\nist.sp.800-61r2.pdf
doc_00079_chunk_001,doc_00079,nist.sp.800-61r2.pdf,pdf,45.0,d:\Abhishek\Project\LangChain\cybersecurity-multi-doc-rag\data\raw\nist.sp.800-61r2.pdf
doc_00079_chunk_002,doc_00079,nist.sp.800-61r2.pdf,pdf,45.0,d:\Abhishek\Project\LangChain\cybersecurity-multi-doc-rag\data\raw\nist.sp.800-61r2.pdf
doc_00079_chunk_003,doc_00079,nist.sp.800-61r2.pdf,pdf,45.0,d:\Abhishek\Project\LangChain\cybersecurity-multi-doc-rag\data\raw\nist.sp.800-61r2.pdf
doc_00079_chunk_004,doc_00079,nist.sp.800-61r2.pdf,pdf,45.0,d:\Abhishek\Project\LangChain\cybersecurity-multi-doc-rag\data\raw\nist.sp.800-61r2.pdf
doc_00079_chunk_005,doc_00079,nist.sp.800-61r2.pdf,pdf,45.0,d:\Abhishek\Project\LangChain\cybersecurity-multi-doc-rag\data\raw\nist.sp.800-61r2.pdf
doc_00079_chunk_006,doc_00079,nist.sp.800-61r2.pdf,pdf,45.0,d:\Abhishek\Project\LangChain\cybersecurity-multi-doc-rag\data\raw\nist.sp.800-61r2.pdf
doc_00080_chunk_000,doc_00080,nist.sp.800-61r2.pdf,pdf,46.0,d:\Abhishek\Project\LangChain\cybersecurity-multi-doc-rag\data\raw\nist.sp.800-61r2.pdf
doc_00080_chunk_001,doc_00080,nist.sp.800-61r2.pdf,pdf,46.0,d:\Abhishek\Project\LangChain\cybersecurity-multi-doc-rag\data\raw\nist.sp.800-61r2.pdf
doc_00080_chunk_002,doc_00080,nist.sp.800-61r2.pdf,pdf,46.0,d:\Abhishek\Project\LangChain\cybersecurity-multi-doc-rag\data\raw\nist.sp.800-61r2.pdf
doc_00080_chunk_003,doc_00080,nist.sp.800-61r2.pdf,pdf,46.0,d:\Abhishek\Project\LangChain\cybersecurity-multi-doc-rag\data\raw\nist.sp.800-61r2.pdf
doc_00080_chunk_004,doc_00080,nist.sp.800-61r2.pdf,pdf,46.0,d:\Abhishek\Project\LangChain\cybersecurity-multi-doc-rag\data\raw\nist.sp.800-61r2.pdf
doc_00080_chunk_005,doc_00080,nist.sp.800-61r2.pdf,pdf,46.0,d:\Abhishek\Project\LangChain\cybersecurity-multi-doc-rag\data\raw\nist.sp.800-61r2.pdf
doc_00081_chunk_000,doc_00081,nist.sp.800-61r2.pdf,pdf,47.0,d:\Abhishek\Project\LangChain\cybersecurity-multi-doc-rag\data\raw\nist.sp.800-61r2.pdf
doc_00081_chunk_001,doc_00081,nist.sp.800-61r2.pdf,pdf,47.0,d:\Abhishek\Project\LangChain\cybersecurity-multi-doc-rag\data\raw\nist.sp.800-61r2.pdf
doc_00081_chunk_002,doc_00081,nist.sp.800-61r2.pdf,pdf,47.0,d:\Abhishek\Project\LangChain\cybersecurity-multi-doc-rag\data\raw\nist.sp.800-61r2.pdf
doc_00081_chunk_003,doc_00081,nist.sp.800-61r2.pdf,pdf,47.0,d:\Abhishek\Project\LangChain\cybersecurity-multi-doc-rag\data\raw\nist.sp.800-61r2.pdf
doc_00082_chunk_000,doc_00082,nist.sp.800-61r2.pdf,pdf,48.0,d:\Abhishek\Project\LangChain\cybersecurity-multi-doc-rag\data\raw\nist.sp.800-61r2.pdf
doc_00082_chunk_001,doc_00082,nist.sp.800-61r2.pdf,pdf,48.0,d:\Abhishek\Project\LangChain\cybersecurity-multi-doc-rag\data\raw\nist.sp.800-61r2.pdf
doc_00082_chunk_002,doc_00082,nist.sp.800-61r2.pdf,pdf,48.0,d:\Abhishek\Project\LangChain\cybersecurity-multi-doc-rag\data\raw\nist.sp.800-61r2.pdf
doc_00082_chunk_003,doc_00082,nist.sp.800-61r2.pdf,pdf,48.0,d:\Abhishek\Project\LangChain\cybersecurity-multi-doc-rag\data\raw\nist.sp.800-61r2.pdf
doc_00082_chunk_004,doc_00082,nist.sp.800-61r2.pdf,pdf,48.0,d:\Abhishek\Project\LangChain\cybersecurity-multi-doc-rag\data\raw\nist.sp.800-61r2.pdf
doc_00082_chunk_005,doc_00082,nist.sp.800-61r2.pdf,pdf,48.0,d:\Abhishek\Project\LangChain\cybersecurity-multi-doc-rag\data\raw\nist.sp.800-61r2.pdf
doc_00082_chunk_006,doc_00082,nist.sp.800-61r2.pdf,pdf,48.0,d:\Abhishek\Project\LangChain\cybersecurity-multi-doc-rag\data\raw\nist.sp.800-61r2.pdf
doc_00083_chunk_000,doc_00083,nist.sp.800-61r2.pdf,pdf,49.0,d:\Abhishek\Project\LangChain\cybersecurity-multi-doc-rag\data\raw\nist.sp.800-61r2.pdf
doc_00083_chunk_001,doc_00083,nist.sp.800-61r2.pdf,pdf,49.0,d:\Abhishek\Project\LangChain\cybersecurity-multi-doc-rag\data\raw\nist.sp.800-61r2.pdf
doc_00083_chunk_002,doc_00083,nist.sp.800-61r2.pdf,pdf,49.0,d:\Abhishek\Project\LangChain\cybersecurity-multi-doc-rag\data\raw\nist.sp.800-61r2.pdf
doc_00083_chunk_003,doc_00083,nist.sp.800-61r2.pdf,pdf,49.0,d:\Abhishek\Project\LangChain\cybersecurity-multi-doc-rag\data\raw\nist.sp.800-61r2.pdf
doc_00083_chunk_004,doc_00083,nist.sp.800-61r2.pdf,pdf,49.0,d:\Abhishek\Project\LangChain\cybersecurity-multi-doc-rag\data\raw\nist.sp.800-61r2.pdf
doc_00083_chunk_005,doc_00083,nist.sp.800-61r2.pdf,pdf,49.0,d:\Abhishek\Project\LangChain\cybersecurity-multi-doc-rag\data\raw\nist.sp.800-61r2.pdf
doc_00084_chunk_000,doc_00084,nist.sp.800-61r2.pdf,pdf,50.0,d:\Abhishek\Project\LangChain\cybersecurity-multi-doc-rag\data\raw\nist.sp.800-61r2.pdf
doc_00084_chunk_001,doc_00084,nist.sp.800-61r2.pdf,pdf,50.0,d:\Abhishek\Project\LangChain\cybersecurity-multi-doc-rag\data\raw\nist.sp.800-61r2.pdf
doc_00084_chunk_002,doc_00084,nist.sp.800-61r2.pdf,pdf,50.0,d:\Abhishek\Project\LangChain\cybersecurity-multi-doc-rag\data\raw\nist.sp.800-61r2.pdf
doc_00084_chunk_003,doc_00084,nist.sp.800-61r2.pdf,pdf,50.0,d:\Abhishek\Project\LangChain\cybersecurity-multi-doc-rag\data\raw\nist.sp.800-61r2.pdf
doc_00084_chunk_004,doc_00084,nist.sp.800-61r2.pdf,pdf,50.0,d:\Abhishek\Project\LangChain\cybersecurity-multi-doc-rag\data\raw\nist.sp.800-61r2.pdf
doc_00085_chunk_000,doc_00085,nist.sp.800-61r2.pdf,pdf,51.0,d:\Abhishek\Project\LangChain\cybersecurity-multi-doc-rag\data\raw\nist.sp.800-61r2.pdf
doc_00085_chunk_001,doc_00085,nist.sp.800-61r2.pdf,pdf,51.0,d:\Abhishek\Project\LangChain\cybersecurity-multi-doc-rag\data\raw\nist.sp.800-61r2.pdf
doc_00085_chunk_002,doc_00085,nist.sp.800-61r2.pdf,pdf,51.0,d:\Abhishek\Project\LangChain\cybersecurity-multi-doc-rag\data\raw\nist.sp.800-61r2.pdf
doc_00085_chunk_003,doc_00085,nist.sp.800-61r2.pdf,pdf,51.0,d:\Abhishek\Project\LangChain\cybersecurity-multi-doc-rag\data\raw\nist.sp.800-61r2.pdf
doc_00086_chunk_000,doc_00086,nist.sp.800-61r2.pdf,pdf,52.0,d:\Abhishek\Project\LangChain\cybersecurity-multi-doc-rag\data\raw\nist.sp.800-61r2.pdf
doc_00086_chunk_001,doc_00086,nist.sp.800-61r2.pdf,pdf,52.0,d:\Abhishek\Project\LangChain\cybersecurity-multi-doc-rag\data\raw\nist.sp.800-61r2.pdf
doc_00086_chunk_002,doc_00086,nist.sp.800-61r2.pdf,pdf,52.0,d:\Abhishek\Project\LangChain\cybersecurity-multi-doc-rag\data\raw\nist.sp.800-61r2.pdf
doc_00086_chunk_003,doc_00086,nist.sp.800-61r2.pdf,pdf,52.0,d:\Abhishek\Project\LangChain\cybersecurity-multi-doc-rag\data\raw\nist.sp.800-61r2.pdf
doc_00086_chunk_004,doc_00086,nist.sp.800-61r2.pdf,pdf,52.0,d:\Abhishek\Project\LangChain\cybersecurity-multi-doc-rag\data\raw\nist.sp.800-61r2.pdf
doc_00086_chunk_005,doc_00086,nist.sp.800-61r2.pdf,pdf,52.0,d:\Abhishek\Project\LangChain\cybersecurity-multi-doc-rag\data\raw\nist.sp.800-61r2.pdf
doc_00087_chunk_000,doc_00087,nist.sp.800-61r2.pdf,pdf,53.0,d:\Abhishek\Project\LangChain\cybersecurity-multi-doc-rag\data\raw\nist.sp.800-61r2.pdf
doc_00087_chunk_001,doc_00087,nist.sp.800-61r2.pdf,pdf,53.0,d:\Abhishek\Project\LangChain\cybersecurity-multi-doc-rag\data\raw\nist.sp.800-61r2.pdf
doc_00087_chunk_002,doc_00087,nist.sp.800-61r2.pdf,pdf,53.0,d:\Abhishek\Project\LangChain\cybersecurity-multi-doc-rag\data\raw\nist.sp.800-61r2.pdf
doc_00087_chunk_003,doc_00087,nist.sp.800-61r2.pdf,pdf,53.0,d:\Abhishek\Project\LangChain\cybersecurity-multi-doc-rag\data\raw\nist.sp.800-61r2.pdf
doc_00087_chunk_004,doc_00087,nist.sp.800-61r2.pdf,pdf,53.0,d:\Abhishek\Project\LangChain\cybersecurity-multi-doc-rag\data\raw\nist.sp.800-61r2.pdf
doc_00087_chunk_005,doc_00087,nist.sp.800-61r2.pdf,pdf,53.0,d:\Abhishek\Project\LangChain\cybersecurity-multi-doc-rag\data\raw\nist.sp.800-61r2.pdf
doc_00088_chunk_000,doc_00088,nist.sp.800-61r2.pdf,pdf,54.0,d:\Abhishek\Project\LangChain\cybersecurity-multi-doc-rag\data\raw\nist.sp.800-61r2.pdf
doc_00088_chunk_001,doc_00088,nist.sp.800-61r2.pdf,pdf,54.0,d:\Abhishek\Project\LangChain\cybersecurity-multi-doc-rag\data\raw\nist.sp.800-61r2.pdf
doc_00088_chunk_002,doc_00088,nist.sp.800-61r2.pdf,pdf,54.0,d:\Abhishek\Project\LangChain\cybersecurity-multi-doc-rag\data\raw\nist.sp.800-61r2.pdf
doc_00088_chunk_003,doc_00088,nist.sp.800-61r2.pdf,pdf,54.0,d:\Abhishek\Project\LangChain\cybersecurity-multi-doc-rag\data\raw\nist.sp.800-61r2.pdf
doc_00088_chunk_004,doc_00088,nist.sp.800-61r2.pdf,pdf,54.0,d:\Abhishek\Project\LangChain\cybersecurity-multi-doc-rag\data\raw\nist.sp.800-61r2.pdf
doc_00088_chunk_005,doc_00088,nist.sp.800-61r2.pdf,pdf,54.0,d:\Abhishek\Project\LangChain\cybersecurity-multi-doc-rag\data\raw\nist.sp.800-61r2.pdf
doc_00089_chunk_000,doc_00089,nist.sp.800-61r2.pdf,pdf,55.0,d:\Abhishek\Project\LangChain\cybersecurity-multi-doc-rag\data\raw\nist.sp.800-61r2.pdf
doc_00089_chunk_001,doc_00089,nist.sp.800-61r2.pdf,pdf,55.0,d:\Abhishek\Project\LangChain\cybersecurity-multi-doc-rag\data\raw\nist.sp.800-61r2.pdf
doc_00089_chunk_002,doc_00089,nist.sp.800-61r2.pdf,pdf,55.0,d:\Abhishek\Project\LangChain\cybersecurity-multi-doc-rag\data\raw\nist.sp.800-61r2.pdf
doc_00090_chunk_000,doc_00090,nist.sp.800-61r2.pdf,pdf,56.0,d:\Abhishek\Project\LangChain\cybersecurity-multi-doc-rag\data\raw\nist.sp.800-61r2.pdf
doc_00090_chunk_001,doc_00090,nist.sp.800-61r2.pdf,pdf,56.0,d:\Abhishek\Project\LangChain\cybersecurity-multi-doc-rag\data\raw\nist.sp.800-61r2.pdf
doc_00090_chunk_002,doc_00090,nist.sp.800-61r2.pdf,pdf,56.0,d:\Abhishek\Project\LangChain\cybersecurity-multi-doc-rag\data\raw\nist.sp.800-61r2.pdf
doc_00090_chunk_003,doc_00090,nist.sp.800-61r2.pdf,pdf,56.0,d:\Abhishek\Project\LangChain\cybersecurity-multi-doc-rag\data\raw\nist.sp.800-61r2.pdf
doc_00090_chunk_004,doc_00090,nist.sp.800-61r2.pdf,pdf,56.0,d:\Abhishek\Project\LangChain\cybersecurity-multi-doc-rag\data\raw\nist.sp.800-61r2.pdf
doc_00090_chunk_005,doc_00090,nist.sp.800-61r2.pdf,pdf,56.0,d:\Abhishek\Project\LangChain\cybersecurity-multi-doc-rag\data\raw\nist.sp.800-61r2.pdf
doc_00090_chunk_006,doc_00090,nist.sp.800-61r2.pdf,pdf,56.0,d:\Abhishek\Project\LangChain\cybersecurity-multi-doc-rag\data\raw\nist.sp.800-61r2.pdf
doc_00091_chunk_000,doc_00091,nist.sp.800-61r2.pdf,pdf,57.0,d:\Abhishek\Project\LangChain\cybersecurity-multi-doc-rag\data\raw\nist.sp.800-61r2.pdf
doc_00091_chunk_001,doc_00091,nist.sp.800-61r2.pdf,pdf,57.0,d:\Abhishek\Project\LangChain\cybersecurity-multi-doc-rag\data\raw\nist.sp.800-61r2.pdf
doc_00091_chunk_002,doc_00091,nist.sp.800-61r2.pdf,pdf,57.0,d:\Abhishek\Project\LangChain\cybersecurity-multi-doc-rag\data\raw\nist.sp.800-61r2.pdf
doc_00091_chunk_003,doc_00091,nist.sp.800-61r2.pdf,pdf,57.0,d:\Abhishek\Project\LangChain\cybersecurity-multi-doc-rag\data\raw\nist.sp.800-61r2.pdf
doc_00091_chunk_004,doc_00091,nist.sp.800-61r2.pdf,pdf,57.0,d:\Abhishek\Project\LangChain\cybersecurity-multi-doc-rag\data\raw\nist.sp.800-61r2.pdf
doc_00091_chunk_005,doc_00091,nist.sp.800-61r2.pdf,pdf,57.0,d:\Abhishek\Project\LangChain\cybersecurity-multi-doc-rag\data\raw\nist.sp.800-61r2.pdf
doc_00091_chunk_006,doc_00091,nist.sp.800-61r2.pdf,pdf,57.0,d:\Abhishek\Project\LangChain\cybersecurity-multi-doc-rag\data\raw\nist.sp.800-61r2.pdf
doc_00092_chunk_000,doc_00092,nist.sp.800-61r2.pdf,pdf,58.0,d:\Abhishek\Project\LangChain\cybersecurity-multi-doc-rag\data\raw\nist.sp.800-61r2.pdf
doc_00092_chunk_001,doc_00092,nist.sp.800-61r2.pdf,pdf,58.0,d:\Abhishek\Project\LangChain\cybersecurity-multi-doc-rag\data\raw\nist.sp.800-61r2.pdf
doc_00092_chunk_002,doc_00092,nist.sp.800-61r2.pdf,pdf,58.0,d:\Abhishek\Project\LangChain\cybersecurity-multi-doc-rag\data\raw\nist.sp.800-61r2.pdf
doc_00092_chunk_003,doc_00092,nist.sp.800-61r2.pdf,pdf,58.0,d:\Abhishek\Project\LangChain\cybersecurity-multi-doc-rag\data\raw\nist.sp.800-61r2.pdf
doc_00092_chunk_004,doc_00092,nist.sp.800-61r2.pdf,pdf,58.0,d:\Abhishek\Project\LangChain\cybersecurity-multi-doc-rag\data\raw\nist.sp.800-61r2.pdf
doc_00092_chunk_005,doc_00092,nist.sp.800-61r2.pdf,pdf,58.0,d:\Abhishek\Project\LangChain\cybersecurity-multi-doc-rag\data\raw\nist.sp.800-61r2.pdf
doc_00092_chunk_006,doc_00092,nist.sp.800-61r2.pdf,pdf,58.0,d:\Abhishek\Project\LangChain\cybersecurity-multi-doc-rag\data\raw\nist.sp.800-61r2.pdf
doc_00092_chunk_007,doc_00092,nist.sp.800-61r2.pdf,pdf,58.0,d:\Abhishek\Project\LangChain\cybersecurity-multi-doc-rag\data\raw\nist.sp.800-61r2.pdf
doc_00093_chunk_000,doc_00093,nist.sp.800-61r2.pdf,pdf,59.0,d:\Abhishek\Project\LangChain\cybersecurity-multi-doc-rag\data\raw\nist.sp.800-61r2.pdf
doc_00093_chunk_001,doc_00093,nist.sp.800-61r2.pdf,pdf,59.0,d:\Abhishek\Project\LangChain\cybersecurity-multi-doc-rag\data\raw\nist.sp.800-61r2.pdf
doc_00093_chunk_002,doc_00093,nist.sp.800-61r2.pdf,pdf,59.0,d:\Abhishek\Project\LangChain\cybersecurity-multi-doc-rag\data\raw\nist.sp.800-61r2.pdf
doc_00093_chunk_003,doc_00093,nist.sp.800-61r2.pdf,pdf,59.0,d:\Abhishek\Project\LangChain\cybersecurity-multi-doc-rag\data\raw\nist.sp.800-61r2.pdf
doc_00093_chunk_004,doc_00093,nist.sp.800-61r2.pdf,pdf,59.0,d:\Abhishek\Project\LangChain\cybersecurity-multi-doc-rag\data\raw\nist.sp.800-61r2.pdf
doc_00093_chunk_005,doc_00093,nist.sp.800-61r2.pdf,pdf,59.0,d:\Abhishek\Project\LangChain\cybersecurity-multi-doc-rag\data\raw\nist.sp.800-61r2.pdf
doc_00093_chunk_006,doc_00093,nist.sp.800-61r2.pdf,pdf,59.0,d:\Abhishek\Project\LangChain\cybersecurity-multi-doc-rag\data\raw\nist.sp.800-61r2.pdf
doc_00093_chunk_007,doc_00093,nist.sp.800-61r2.pdf,pdf,59.0,d:\Abhishek\Project\LangChain\cybersecurity-multi-doc-rag\data\raw\nist.sp.800-61r2.pdf
doc_00094_chunk_000,doc_00094,nist.sp.800-61r2.pdf,pdf,60.0,d:\Abhishek\Project\LangChain\cybersecurity-multi-doc-rag\data\raw\nist.sp.800-61r2.pdf
doc_00094_chunk_001,doc_00094,nist.sp.800-61r2.pdf,pdf,60.0,d:\Abhishek\Project\LangChain\cybersecurity-multi-doc-rag\data\raw\nist.sp.800-61r2.pdf
doc_00094_chunk_002,doc_00094,nist.sp.800-61r2.pdf,pdf,60.0,d:\Abhishek\Project\LangChain\cybersecurity-multi-doc-rag\data\raw\nist.sp.800-61r2.pdf
doc_00094_chunk_003,doc_00094,nist.sp.800-61r2.pdf,pdf,60.0,d:\Abhishek\Project\LangChain\cybersecurity-multi-doc-rag\data\raw\nist.sp.800-61r2.pdf
doc_00094_chunk_004,doc_00094,nist.sp.800-61r2.pdf,pdf,60.0,d:\Abhishek\Project\LangChain\cybersecurity-multi-doc-rag\data\raw\nist.sp.800-61r2.pdf
doc_00095_chunk_000,doc_00095,nist.sp.800-61r2.pdf,pdf,61.0,d:\Abhishek\Project\LangChain\cybersecurity-multi-doc-rag\data\raw\nist.sp.800-61r2.pdf
doc_00095_chunk_001,doc_00095,nist.sp.800-61r2.pdf,pdf,61.0,d:\Abhishek\Project\LangChain\cybersecurity-multi-doc-rag\data\raw\nist.sp.800-61r2.pdf
doc_00095_chunk_002,doc_00095,nist.sp.800-61r2.pdf,pdf,61.0,d:\Abhishek\Project\LangChain\cybersecurity-multi-doc-rag\data\raw\nist.sp.800-61r2.pdf
doc_00095_chunk_003,doc_00095,nist.sp.800-61r2.pdf,pdf,61.0,d:\Abhishek\Project\LangChain\cybersecurity-multi-doc-rag\data\raw\nist.sp.800-61r2.pdf
doc_00095_chunk_004,doc_00095,nist.sp.800-61r2.pdf,pdf,61.0,d:\Abhishek\Project\LangChain\cybersecurity-multi-doc-rag\data\raw\nist.sp.800-61r2.pdf
doc_00095_chunk_005,doc_00095,nist.sp.800-61r2.pdf,pdf,61.0,d:\Abhishek\Project\LangChain\cybersecurity-multi-doc-rag\data\raw\nist.sp.800-61r2.pdf
doc_00096_chunk_000,doc_00096,nist.sp.800-61r2.pdf,pdf,62.0,d:\Abhishek\Project\LangChain\cybersecurity-multi-doc-rag\data\raw\nist.sp.800-61r2.pdf
doc_00096_chunk_001,doc_00096,nist.sp.800-61r2.pdf,pdf,62.0,d:\Abhishek\Project\LangChain\cybersecurity-multi-doc-rag\data\raw\nist.sp.800-61r2.pdf
doc_00096_chunk_002,doc_00096,nist.sp.800-61r2.pdf,pdf,62.0,d:\Abhishek\Project\LangChain\cybersecurity-multi-doc-rag\data\raw\nist.sp.800-61r2.pdf
doc_00096_chunk_003,doc_00096,nist.sp.800-61r2.pdf,pdf,62.0,d:\Abhishek\Project\LangChain\cybersecurity-multi-doc-rag\data\raw\nist.sp.800-61r2.pdf
doc_00096_chunk_004,doc_00096,nist.sp.800-61r2.pdf,pdf,62.0,d:\Abhishek\Project\LangChain\cybersecurity-multi-doc-rag\data\raw\nist.sp.800-61r2.pdf
doc_00097_chunk_000,doc_00097,nist.sp.800-61r2.pdf,pdf,63.0,d:\Abhishek\Project\LangChain\cybersecurity-multi-doc-rag\data\raw\nist.sp.800-61r2.pdf
doc_00097_chunk_001,doc_00097,nist.sp.800-61r2.pdf,pdf,63.0,d:\Abhishek\Project\LangChain\cybersecurity-multi-doc-rag\data\raw\nist.sp.800-61r2.pdf
doc_00097_chunk_002,doc_00097,nist.sp.800-61r2.pdf,pdf,63.0,d:\Abhishek\Project\LangChain\cybersecurity-multi-doc-rag\data\raw\nist.sp.800-61r2.pdf
doc_00097_chunk_003,doc_00097,nist.sp.800-61r2.pdf,pdf,63.0,d:\Abhishek\Project\LangChain\cybersecurity-multi-doc-rag\data\raw\nist.sp.800-61r2.pdf
doc_00097_chunk_004,doc_00097,nist.sp.800-61r2.pdf,pdf,63.0,d:\Abhishek\Project\LangChain\cybersecurity-multi-doc-rag\data\raw\nist.sp.800-61r2.pdf
doc_00098_chunk_000,doc_00098,nist.sp.800-61r2.pdf,pdf,64.0,d:\Abhishek\Project\LangChain\cybersecurity-multi-doc-rag\data\raw\nist.sp.800-61r2.pdf
doc_00098_chunk_001,doc_00098,nist.sp.800-61r2.pdf,pdf,64.0,d:\Abhishek\Project\LangChain\cybersecurity-multi-doc-rag\data\raw\nist.sp.800-61r2.pdf
doc_00098_chunk_002,doc_00098,nist.sp.800-61r2.pdf,pdf,64.0,d:\Abhishek\Project\LangChain\cybersecurity-multi-doc-rag\data\raw\nist.sp.800-61r2.pdf
doc_00098_chunk_003,doc_00098,nist.sp.800-61r2.pdf,pdf,64.0,d:\Abhishek\Project\LangChain\cybersecurity-multi-doc-rag\data\raw\nist.sp.800-61r2.pdf
doc_00098_chunk_004,doc_00098,nist.sp.800-61r2.pdf,pdf,64.0,d:\Abhishek\Project\LangChain\cybersecurity-multi-doc-rag\data\raw\nist.sp.800-61r2.pdf
doc_00099_chunk_000,doc_00099,nist.sp.800-61r2.pdf,pdf,65.0,d:\Abhishek\Project\LangChain\cybersecurity-multi-doc-rag\data\raw\nist.sp.800-61r2.pdf
doc_00099_chunk_001,doc_00099,nist.sp.800-61r2.pdf,pdf,65.0,d:\Abhishek\Project\LangChain\cybersecurity-multi-doc-rag\data\raw\nist.sp.800-61r2.pdf
doc_00099_chunk_002,doc_00099,nist.sp.800-61r2.pdf,pdf,65.0,d:\Abhishek\Project\LangChain\cybersecurity-multi-doc-rag\data\raw\nist.sp.800-61r2.pdf
doc_00099_chunk_003,doc_00099,nist.sp.800-61r2.pdf,pdf,65.0,d:\Abhishek\Project\LangChain\cybersecurity-multi-doc-rag\data\raw\nist.sp.800-61r2.pdf
doc_00099_chunk_004,doc_00099,nist.sp.800-61r2.pdf,pdf,65.0,d:\Abhishek\Project\LangChain\cybersecurity-multi-doc-rag\data\raw\nist.sp.800-61r2.pdf
doc_00100_chunk_000,doc_00100,nist.sp.800-61r2.pdf,pdf,66.0,d:\Abhishek\Project\LangChain\cybersecurity-multi-doc-rag\data\raw\nist.sp.800-61r2.pdf
doc_00100_chunk_001,doc_00100,nist.sp.800-61r2.pdf,pdf,66.0,d:\Abhishek\Project\LangChain\cybersecurity-multi-doc-rag\data\raw\nist.sp.800-61r2.pdf
doc_00100_chunk_002,doc_00100,nist.sp.800-61r2.pdf,pdf,66.0,d:\Abhishek\Project\LangChain\cybersecurity-multi-doc-rag\data\raw\nist.sp.800-61r2.pdf
doc_00100_chunk_003,doc_00100,nist.sp.800-61r2.pdf,pdf,66.0,d:\Abhishek\Project\LangChain\cybersecurity-multi-doc-rag\data\raw\nist.sp.800-61r2.pdf
doc_00100_chunk_004,doc_00100,nist.sp.800-61r2.pdf,pdf,66.0,d:\Abhishek\Project\LangChain\cybersecurity-multi-doc-rag\data\raw\nist.sp.800-61r2.pdf
doc_00101_chunk_000,doc_00101,nist.sp.800-61r2.pdf,pdf,67.0,d:\Abhishek\Project\LangChain\cybersecurity-multi-doc-rag\data\raw\nist.sp.800-61r2.pdf
doc_00101_chunk_001,doc_00101,nist.sp.800-61r2.pdf,pdf,67.0,d:\Abhishek\Project\LangChain\cybersecurity-multi-doc-rag\data\raw\nist.sp.800-61r2.pdf
doc_00101_chunk_002,doc_00101,nist.sp.800-61r2.pdf,pdf,67.0,d:\Abhishek\Project\LangChain\cybersecurity-multi-doc-rag\data\raw\nist.sp.800-61r2.pdf
doc_00101_chunk_003,doc_00101,nist.sp.800-61r2.pdf,pdf,67.0,d:\Abhishek\Project\LangChain\cybersecurity-multi-doc-rag\data\raw\nist.sp.800-61r2.pdf
doc_00102_chunk_000,doc_00102,nist.sp.800-61r2.pdf,pdf,68.0,d:\Abhishek\Project\LangChain\cybersecurity-multi-doc-rag\data\raw\nist.sp.800-61r2.pdf
doc_00103_chunk_000,doc_00103,nist.sp.800-61r2.pdf,pdf,69.0,d:\Abhishek\Project\LangChain\cybersecurity-multi-doc-rag\data\raw\nist.sp.800-61r2.pdf
doc_00103_chunk_001,doc_00103,nist.sp.800-61r2.pdf,pdf,69.0,d:\Abhishek\Project\LangChain\cybersecurity-multi-doc-rag\data\raw\nist.sp.800-61r2.pdf
doc_00103_chunk_002,doc_00103,nist.sp.800-61r2.pdf,pdf,69.0,d:\Abhishek\Project\LangChain\cybersecurity-multi-doc-rag\data\raw\nist.sp.800-61r2.pdf
doc_00103_chunk_003,doc_00103,nist.sp.800-61r2.pdf,pdf,69.0,d:\Abhishek\Project\LangChain\cybersecurity-multi-doc-rag\data\raw\nist.sp.800-61r2.pdf
doc_00104_chunk_000,doc_00104,nist.sp.800-61r2.pdf,pdf,70.0,d:\Abhishek\Project\LangChain\cybersecurity-multi-doc-rag\data\raw\nist.sp.800-61r2.pdf
doc_00104_chunk_001,doc_00104,nist.sp.800-61r2.pdf,pdf,70.0,d:\Abhishek\Project\LangChain\cybersecurity-multi-doc-rag\data\raw\nist.sp.800-61r2.pdf
doc_00104_chunk_002,doc_00104,nist.sp.800-61r2.pdf,pdf,70.0,d:\Abhishek\Project\LangChain\cybersecurity-multi-doc-rag\data\raw\nist.sp.800-61r2.pdf
doc_00105_chunk_000,doc_00105,nist.sp.800-61r2.pdf,pdf,71.0,d:\Abhishek\Project\LangChain\cybersecurity-multi-doc-rag\data\raw\nist.sp.800-61r2.pdf
doc_00106_chunk_000,doc_00106,nist.sp.800-61r2.pdf,pdf,72.0,d:\Abhishek\Project\LangChain\cybersecurity-multi-doc-rag\data\raw\nist.sp.800-61r2.pdf
doc_00106_chunk_001,doc_00106,nist.sp.800-61r2.pdf,pdf,72.0,d:\Abhishek\Project\LangChain\cybersecurity-multi-doc-rag\data\raw\nist.sp.800-61r2.pdf
doc_00106_chunk_002,doc_00106,nist.sp.800-61r2.pdf,pdf,72.0,d:\Abhishek\Project\LangChain\cybersecurity-multi-doc-rag\data\raw\nist.sp.800-61r2.pdf
doc_00106_chunk_003,doc_00106,nist.sp.800-61r2.pdf,pdf,72.0,d:\Abhishek\Project\LangChain\cybersecurity-multi-doc-rag\data\raw\nist.sp.800-61r2.pdf
doc_00107_chunk_000,doc_00107,nist.sp.800-61r2.pdf,pdf,73.0,d:\Abhishek\Project\LangChain\cybersecurity-multi-doc-rag\data\raw\nist.sp.800-61r2.pdf
doc_00107_chunk_001,doc_00107,nist.sp.800-61r2.pdf,pdf,73.0,d:\Abhishek\Project\LangChain\cybersecurity-multi-doc-rag\data\raw\nist.sp.800-61r2.pdf
doc_00107_chunk_002,doc_00107,nist.sp.800-61r2.pdf,pdf,73.0,d:\Abhishek\Project\LangChain\cybersecurity-multi-doc-rag\data\raw\nist.sp.800-61r2.pdf
doc_00108_chunk_000,doc_00108,nist.sp.800-61r2.pdf,pdf,74.0,d:\Abhishek\Project\LangChain\cybersecurity-multi-doc-rag\data\raw\nist.sp.800-61r2.pdf
doc_00108_chunk_001,doc_00108,nist.sp.800-61r2.pdf,pdf,74.0,d:\Abhishek\Project\LangChain\cybersecurity-multi-doc-rag\data\raw\nist.sp.800-61r2.pdf
doc_00108_chunk_002,doc_00108,nist.sp.800-61r2.pdf,pdf,74.0,d:\Abhishek\Project\LangChain\cybersecurity-multi-doc-rag\data\raw\nist.sp.800-61r2.pdf
doc_00108_chunk_003,doc_00108,nist.sp.800-61r2.pdf,pdf,74.0,d:\Abhishek\Project\LangChain\cybersecurity-multi-doc-rag\data\raw\nist.sp.800-61r2.pdf
doc_00108_chunk_004,doc_00108,nist.sp.800-61r2.pdf,pdf,74.0,d:\Abhishek\Project\LangChain\cybersecurity-multi-doc-rag\data\raw\nist.sp.800-61r2.pdf
doc_00108_chunk_005,doc_00108,nist.sp.800-61r2.pdf,pdf,74.0,d:\Abhishek\Project\LangChain\cybersecurity-multi-doc-rag\data\raw\nist.sp.800-61r2.pdf
doc_00109_chunk_000,doc_00109,nist.sp.800-61r2.pdf,pdf,75.0,d:\Abhishek\Project\LangChain\cybersecurity-multi-doc-rag\data\raw\nist.sp.800-61r2.pdf
doc_00109_chunk_001,doc_00109,nist.sp.800-61r2.pdf,pdf,75.0,d:\Abhishek\Project\LangChain\cybersecurity-multi-doc-rag\data\raw\nist.sp.800-61r2.pdf
doc_00109_chunk_002,doc_00109,nist.sp.800-61r2.pdf,pdf,75.0,d:\Abhishek\Project\LangChain\cybersecurity-multi-doc-rag\data\raw\nist.sp.800-61r2.pdf
doc_00109_chunk_003,doc_00109,nist.sp.800-61r2.pdf,pdf,75.0,d:\Abhishek\Project\LangChain\cybersecurity-multi-doc-rag\data\raw\nist.sp.800-61r2.pdf
doc_00109_chunk_004,doc_00109,nist.sp.800-61r2.pdf,pdf,75.0,d:\Abhishek\Project\LangChain\cybersecurity-multi-doc-rag\data\raw\nist.sp.800-61r2.pdf
doc_00109_chunk_005,doc_00109,nist.sp.800-61r2.pdf,pdf,75.0,d:\Abhishek\Project\LangChain\cybersecurity-multi-doc-rag\data\raw\nist.sp.800-61r2.pdf
doc_00110_chunk_000,doc_00110,nist.sp.800-61r2.pdf,pdf,76.0,d:\Abhishek\Project\LangChain\cybersecurity-multi-doc-rag\data\raw\nist.sp.800-61r2.pdf
doc_00111_chunk_000,doc_00111,nist.sp.800-61r2.pdf,pdf,77.0,d:\Abhishek\Project\LangChain\cybersecurity-multi-doc-rag\data\raw\nist.sp.800-61r2.pdf
doc_00111_chunk_001,doc_00111,nist.sp.800-61r2.pdf,pdf,77.0,d:\Abhishek\Project\LangChain\cybersecurity-multi-doc-rag\data\raw\nist.sp.800-61r2.pdf
doc_00111_chunk_002,doc_00111,nist.sp.800-61r2.pdf,pdf,77.0,d:\Abhishek\Project\LangChain\cybersecurity-multi-doc-rag\data\raw\nist.sp.800-61r2.pdf
doc_00111_chunk_003,doc_00111,nist.sp.800-61r2.pdf,pdf,77.0,d:\Abhishek\Project\LangChain\cybersecurity-multi-doc-rag\data\raw\nist.sp.800-61r2.pdf
doc_00111_chunk_004,doc_00111,nist.sp.800-61r2.pdf,pdf,77.0,d:\Abhishek\Project\LangChain\cybersecurity-multi-doc-rag\data\raw\nist.sp.800-61r2.pdf
doc_00112_chunk_000,doc_00112,nist.sp.800-61r2.pdf,pdf,78.0,d:\Abhishek\Project\LangChain\cybersecurity-multi-doc-rag\data\raw\nist.sp.800-61r2.pdf
doc_00112_chunk_001,doc_00112,nist.sp.800-61r2.pdf,pdf,78.0,d:\Abhishek\Project\LangChain\cybersecurity-multi-doc-rag\data\raw\nist.sp.800-61r2.pdf
doc_00112_chunk_002,doc_00112,nist.sp.800-61r2.pdf,pdf,78.0,d:\Abhishek\Project\LangChain\cybersecurity-multi-doc-rag\data\raw\nist.sp.800-61r2.pdf
doc_00112_chunk_003,doc_00112,nist.sp.800-61r2.pdf,pdf,78.0,d:\Abhishek\Project\LangChain\cybersecurity-multi-doc-rag\data\raw\nist.sp.800-61r2.pdf
doc_00113_chunk_000,doc_00113,nist.sp.800-61r2.pdf,pdf,79.0,d:\Abhishek\Project\LangChain\cybersecurity-multi-doc-rag\data\raw\nist.sp.800-61r2.pdf
